muestra,roca,tmto,MS,Pmesc,Pmsec,area,CRHtot,CRHint,CRHext,Chtot,Chint,spp
R2_1-1,R2,control_baja,1.4,3.1,2.1,2796.852,0.000607826,0.000250281,0.000357545,1.7,0.7,Usnea_amblyoclada
R2_1-2,R2,control_baja,3.2,8.2,7.1,4322.198,0.001156819,0.000902319,0.0002545,5,3.9,Parmotrema_reticulatum
R2_2-3,R2,control_baja,2.1,6.3,4.6,3809.988,0.001102366,0.00065617,0.000446196,4.2,2.5,Parmotrema_reticulatum
R3_1-1,R3,control_baja,0.7,1.7,1.1,1617.838,0.000618109,0.000247244,0.000370865,1,0.4,Usnea_amblyoclada
R3_1-3,R3,control_baja,1.1,3,2.1,1704.733,0.001114544,0.000586602,0.000527942,1.9,1,Usnea_amblyoclada
R3_2-1,R3,control_baja,4.2,11.6,9.8,6669.479,0.001109532,0.000839646,0.000269886,7.4,5.6,Parmotrema_reticulatum
R3_2-3,R3,control_baja,3.8,6.5,5.1,2593.796,0.001040945,0.000501196,0.000539749,2.7,1.3,Usnea_amblyoclada
R3_2-2,R2,control_baja,2.4,7.6,5.6,5248.552,0.000990749,0.000609692,0.000381057,5.2,3.2,Parmotrema_reticulatum
R30_1-1,R30,media_alta,0.2,1,0.5,1993.559,0.000401292,0.000150485,0.000250808,0.8,0.3,Parmotrema_reticulatum
R30_2-1,R30,media_alta,0.9,1.7,1.4,2042.38,0.0003917,0.000244812,0.000146887,0.8,0.5,Parmotrema_reticulatum
R30_2-2,R30,media_alta,0.8,2.1,1.4,1952.566,0.000665791,0.000307288,0.000358503,1.3,0.6,Usnea_amblyoclada
R30_2-3,R30,media_alta,0.2,0.9,0.3,2159.069,0.000324214,4.63E-05,0.000277898,0.7,0.1,Parmotrema_reticulatum
R30_1-2,R30,media_alta,1,2.5,1.7,1880.516,0.000797653,0.000372238,0.000425415,1.5,0.7,Usnea_amblyoclada
R31_2-2,R31,media_alta,1.3,3.2,2.3,1814.368,0.001047197,0.000551156,0.00049604,1.9,1,Usnea_amblyoclada
R6_1-1,R6,baja_media,1.3,3.4,2.3,2833.638,0.000741097,0.000352903,0.000388194,2.1,1,Usnea_amblyoclada
R6_1-2,R6,baja_media,0.6,1.6,1.2,1680.143,0.000595187,0.000357112,0.000238075,1,0.6,Parmotrema_reticulatum
R6_1-3,R6,baja_media,1,3.1,2.1,3307.914,0.000634841,0.000332536,0.000302305,2.1,1.1,Parmotrema_reticulatum
R6_2-1,R6,baja_media,1.2,3,2.2,2438.79,0.000738071,0.000410039,0.000328032,1.8,1,Usnea_amblyoclada
R6_2-2,R6,baja_media,1.1,2.7,2,2118.962,0.000755087,0.000424736,0.00033035,1.6,0.9,Usnea_amblyoclada
R6_2-3,R6,baja_media,NA,NA,NA,NA,NA,NA,NA,NA,NA,Parmotrema_reticulatum
R8_1-2 y 2-2,R8,baja_media,0.8,2.5,1.6,2072.944,0.00082009,0.000385925,0.000434165,1.7,0.8,Parmotrema_reticulatum
R8_1-2 y 2-2,R8,baja_media,1,2.5,1.7,2238.977,0.000669949,0.000312643,0.000357306,1.5,0.7,Usnea_amblyoclada
R7_1-2,R7,baja_media,0.6,2.3,1.5,1872.353,0.000907948,0.000480679,0.00042727,1.7,0.9,Parmotrema_reticulatum
R7_1-1,R7,baja_media,0.4,0.9,0.7,956.259,0.000522871,0.000313723,0.000209148,0.5,0.3,Usnea_amblyoclada
R7_1-3 y 2-3,R7,baja_media,0.5,1.1,0.8,1326.935,0.00045217,0.000226085,0.000226085,0.6,0.3,Usnea_amblyoclada
R7_1-3 y 2-3,R7,baja_media,0.8,2.8,1.6,1952.678,0.001024234,0.000409694,0.000614541,2,0.8,Parmotrema_reticulatum
R8_1-1 y 2-1,R8,baja_media,1.6,3.9,2.9,1372.297,0.001676022,0.000947317,0.000728705,2.3,1.3,Usnea_amblyoclada
R8_1-1 y 2-1,R8,baja_media,1.1,3.1,2.2,3341.187,0.00059859,0.000329224,0.000269365,2,1.1,Parmotrema_reticulatum
R8_1-3 y 2-3,R8,baja_media,1.8,3.8,3,2136.405,0.000936152,0.000561691,0.000374461,2,1.2,Usnea_amblyoclada
R8_1-3 y 2-3,R8,baja_media,1.3,4.8,3.3,2748.985,0.001273197,0.000727541,0.000545656,3.5,2,Parmotrema_reticulatum
R9_1-1,R9,baja_media,0.2,0.4,0.3,647.68,0.000308794,0.000154397,0.000154397,0.2,0.1,Usnea_amblyoclada
R9_1-2,R9,baja_media,1,3.3,2.1,3316.928,0.000693413,0.000331632,0.000361781,2.3,1.1,Parmotrema_reticulatum
R9_1-3,R9,baja_media,2.7,6.7,4.9,1772.163,0.002257129,0.001241421,0.001015708,4,2.2,Parmotrema_reticulatum
R9_2-1,R9,baja_media,2,5.5,4,4241.721,0.000825137,0.000471507,0.00035363,3.5,2,Parmotrema_reticulatum
R9_2-2,R9,baja_media,NA,NA,NA,NA,NA,NA,NA,NA,NA,Usnea_amblyoclada
R32_2-2,R32,media_alta,0.8,3.1,1.6,3245.856,0.000708596,0.000246468,0.000462128,2.3,0.8,Parmotrema_reticulatum
R33_2-3,R33,media_alta,0.1,0.3,0.2,323.726,0.000617806,0.000308903,0.000308903,0.2,0.1,Usnea_amblyoclada
R34_2-3,R34,media_alta,2.2,6.6,4.1,5414.542,0.000812626,0.000350907,0.00046172,4.4,1.9,Parmotrema_reticulatum
R34_1-1,R34,media_alta,1.8,6.8,3.7,4499.083,0.001111338,0.000422308,0.000689029,5,1.9,Parmotrema_reticulatum
R34_2-1,R34,media_alta,0.8,2.8,1.6,2721.098,0.000734997,0.000293999,0.000440998,2,0.8,Parmotrema_reticulatum
R34_2-2,R34,media_alta,1.8,4.2,3,2930.216,0.000819052,0.000409526,0.000409526,2.4,1.2,Usnea_amblyoclada
R3_2-1,R3,control_baja,0.8,3.1,1.7,1962.902,0.001171735,0.000458505,0.00071323,2.3,0.9,Parmotrema_reticulatum
R4_1-1,R4,control_baja,1.3,4,2.5,2956.119,0.00091336,0.000405938,0.000507422,2.7,1.2,Parmotrema_reticulatum
R4_1-2,R4,control_baja,0.7,1.7,1.2,1699.986,0.00058824,0.00029412,0.00029412,1,0.5,Usnea_amblyoclada
R4_1-3,R4,control_baja,1.4,4.4,2.9,3363.391,0.000891957,0.000445978,0.000445978,3,1.5,Parmotrema_reticulatum
R4_2-1,R4,control_baja,1.1,2.9,2.1,2157.013,0.000834487,0.000463604,0.000370883,1.8,1,Usnea_amblyoclada
R4_2-3,R4,control_baja,0.4,1.8,0.8,1112.467,0.001258464,0.000359561,0.000898903,1.4,0.4,Parmotrema_reticulatum
R11_1-1 y 2-2,R11,control_sur,0.7,2.1,1.2,2476.128,0.000565399,0.000201928,0.000363471,1.4,0.5,Parmotrema_reticulatum
R11_1-1 y 2-2,R11,control_sur,1.1,2.8,1.8,2121.617,0.000801276,0.000329937,0.000471339,1.7,0.7,Usnea_amblyoclada
R11_1-1N,R11,sur_norte,0.5,1.2,0.9,1511.496,0.000463117,0.000264638,0.000198479,0.7,0.4,Usnea_amblyoclada
R11_2-1 y 2-3,R11,control_sur,NA,NA,NA,NA,NA,NA,NA,NA,NA,Parmotrema_reticulatum
R11_2-1 y 2-3,R11,control_sur,0.8,2,1.4,1807.416,0.000663931,0.000331966,0.000331966,1.2,0.6,Usnea_amblyoclada
R14_1-2,R14,control_sur,1.6,4.1,2.8,3106.395,0.000804791,0.0003863,0.000418492,2.5,1.2,Usnea_amblyoclada
R14_2-2,R14,control_sur,0.9,3.5,2.3,2463.484,0.001055416,0.000568301,0.000487115,2.6,1.4,Parmotrema_reticulatum
R14_2-3,R14,control_sur,0.6,3.1,1.5,2131.696,0.001172775,0.000422199,0.000750576,2.5,0.9,Parmotrema_reticulatum
R22_2-1 y 2-2,R22,norte_sur,0.4,1.8,0.8,1565.675,0.000894183,0.000255481,0.000638702,1.4,0.4,Parmotrema_reticulatum
R22_2-1 y 2-2,R22,norte_sur,0.7,1.9,1.3,1998.174,0.000600548,0.000300274,0.000300274,1.2,0.6,Usnea_amblyoclada
R20_1-1,R20,control_norte,0.8,2.3,1.4,1940.995,0.0007728,0.00030912,0.00046368,1.5,0.6,Usnea_amblyoclada
R20_1-3_2-1_2-3,R20,control_norte,0.1,0.7,0.3,961.394,0.000624094,0.000208031,0.000416063,0.6,0.2,Parmotrema_reticulatum
R20_1-2,R20,control_norte,0.9,3.1,1.9,2346.246,0.000937668,0.000426213,0.000511455,2.2,1,Usnea_amblyoclada
R33_2-2,R33,media_alta,1.7,6.7,4,3805.649,0.001313836,0.000604365,0.000709472,5,2.3,Parmotrema_reticulatum
R4_2-2,R4,control_baja,0.6,1.8,1.1,1611.376,0.000744705,0.000310294,0.000434411,1.2,0.5,Usnea_amblyoclada
R5_1-1,R5,control_baja,1.1,3.9,2.2,3434.001,0.000815375,0.000320326,0.000495049,2.8,1.1,Parmotrema_reticulatum
R5_1-2,R5,control_baja,0.8,2.3,1.5,2137.193,0.000701855,0.000327532,0.000374323,1.5,0.7,Parmotrema_reticulatum
R5_2-1,R5,control_baja,1.7,6.4,3.6,4977.39,0.00094427,0.000381726,0.000562544,4.7,1.9,Parmotrema_reticulatum
R5_2-2,R5,control_baja,1.1,2.9,2,2803.453,0.000642065,0.000321033,0.000321033,1.8,0.9,Usnea_amblyoclada
R5_2-3,R5,control_baja,1.4,3.5,2.5,2793.399,0.000751772,0.000393785,0.000357987,2.1,1.1,Usnea_amblyoclada
R5_1-3,R5,control_baja,0.6,1.4,1,1578.625,0.00050677,0.000253385,0.000253385,0.8,0.4,Usnea_amblyoclada
R12_1-2,R12,control_norte,0.2,0.5,0.3,985.521,0.000304408,0.000101469,0.000202938,0.3,0.1,Parmotrema_reticulatum
R12_1-3,R12,control_norte,0.4,1.1,0.8,947.37,0.000738888,0.000422222,0.000316666,0.7,0.4,Usnea_amblyoclada
"R16_1-2, 2-2 y 2-3",R16,control_norte,0.1,1,0.4,1241.967,0.000724657,0.000241552,0.000483105,0.9,0.3,Parmotrema_reticulatum
R16_1-1,R16,control_norte,0.8,2.1,1.4,1592.738,0.000816205,0.00037671,0.000439495,1.3,0.6,Usnea_amblyoclada
R12_2-3,R12,control_norte,0.3,1.1,0.7,923.145,0.000866603,0.000433301,0.000433301,0.8,0.4,Usnea_amblyoclada
R18_2-3,R18,norte_sur,2.3,5.8,4,4454.4,0.00078574,0.000381645,0.000404095,3.5,1.7,Usnea_amblyoclada
R19_2-1,R19,sur_norte,2.1,5.1,3.7,2960.402,0.001013376,0.000540467,0.000472909,3,1.6,Usnea_amblyoclada
"R19_1-3, 2-2 y 2-3",R19,sur_norte,0.2,0.9,0.4,723.301,0.000967785,0.00027651,0.000691275,0.7,0.2,Parmotrema_reticulatum
R19_1-2,R19,sur_norte,0.2,0.4,0.2,442.943,0.000451525,0,0.000451525,0.2,0,Usnea_amblyoclada
R20_2-2,R20,control_norte,0.2,1.1,0.7,806.728,0.001115618,0.000619788,0.00049583,0.9,0.5,Usnea_amblyoclada
R23_1-3,R23,sur_norte,2,4.5,3.4,10085.744,0.000247875,0.00013881,0.000109065,2.5,1.4,Usnea_amblyoclada
R23_1-1,R23,sur_norte,0.3,0.9,0.6,777.913,0.000771294,0.000385647,0.000385647,0.6,0.3,Usnea_amblyoclada
R7_2-2,R7,baja_media,1.2,5.3,3.2,3626.798,0.001130474,0.000551451,0.000579023,4.1,2,Parmotrema_reticulatum
R7_2-1,R7,baja_media,0.9,2,1.4,2469.625,0.000445412,0.00020246,0.000242952,1.1,0.5,Usnea_amblyoclada
R10_1-2 y 2-2,R10,baja_media,1,3.4,2.1,2185.356,0.001098219,0.00050335,0.000594869,2.4,1.1,Parmotrema_reticulatum
R10_1-2 y 2-2,R10,baja_media,0.9,2.3,1.7,1703.991,0.000821601,0.000469486,0.000352115,1.4,0.8,Usnea_amblyoclada
R10_2-3,R10,baja_media,1.1,4.2,2.6,2361.818,0.001312548,0.000635104,0.000677444,3.1,1.5,Parmotrema_reticulatum
R10_1-3,R10,baja_media,0.3,0.8,0.5,8239.928,6.07E-05,2.43E-05,3.64E-05,0.5,0.2,Usnea_amblyoclada
R24_1-1,R24,control_norte,0.4,1.2,0.8,1205.71,0.000663509,0.000331755,0.000331755,0.8,0.4,Usnea_amblyoclada
R10_1-1 y 2-1,R10,baja_media,0.2,1.1,0.5,1681.672,0.000535182,0.000178394,0.000356788,0.9,0.3,Parmotrema_reticulatum
R10_1-1 y 2-1,R10,baja_media,0.3,0.8,0.6,1106.949,0.000451692,0.000271015,0.000180677,0.5,0.3,Usnea_amblyoclada
R24_1-3,R24,control_norte,0.5,1.8,0.9,1089.463,0.001193248,0.000367153,0.000826095,1.3,0.4,Usnea_amblyoclada
R24_2-1,R24,control_norte,0.4,0.9,0.6,966.043,0.000517575,0.00020703,0.000310545,0.5,0.2,Usnea_amblyoclada
R24_2-3,R24,control_norte,0.3,1.3,0.7,1231.158,0.000812243,0.000324897,0.000487346,1,0.4,Parmotrema_reticulatum
R26_1-1 y 2-2,R26,control_sur,0.5,1.5,1,1465.668,0.000682283,0.000341141,0.000341141,1,0.5,Usnea_amblyoclada
R26_1-1 y 2-2,R26,control_sur,0.2,0.7,0.4,1250.94,0.000399699,0.00015988,0.00023982,0.5,0.2,Parmotrema_reticulatum
R26_2-1,R26,control_sur,0.5,1.2,0.8,908.053,0.00077088,0.000330377,0.000440503,0.7,0.3,Usnea_amblyoclada
R26_1-3,R26,control_sur,0.2,1.3,0.7,1899.264,0.000579172,0.00026326,0.000315912,1.1,0.5,Parmotrema_reticulatum
R26_2-2,R26,control_sur,0.3,0.7,0.5,626.451,0.000638518,0.000319259,0.000319259,0.4,0.2,Usnea_amblyoclada
R26_2-3,R26,control_sur,1.3,4.7,3,4138.132,0.000821627,0.000410813,0.000410813,3.4,1.7,Parmotrema_reticulatum
R27_2-2,R27,control_norte,0.2,0.7,0.5,819.067,0.000610451,0.00036627,0.00024418,0.5,0.3,Usnea_amblyoclada
R27_1-2,R27,control_norte,0.4,1.9,0.9,1819.693,0.000824315,0.000274772,0.000549543,1.5,0.5,Parmotrema_reticulatum
R27_1-1 y 2-1,R27,control_norte,0.9,2.3,1.6,2105.428,0.000664948,0.000332474,0.000332474,1.4,0.7,Usnea_amblyoclada
R27_1-1 y 2-1,R27,control_norte,0.1,1,0.4,1027.12,0.000876236,0.000292079,0.000584158,0.9,0.3,Parmotrema_reticulatum
R27_1-3 y 2-3,R27,control_norte,0.5,1.3,0.9,1066.956,0.000749797,0.000374898,0.000374898,0.8,0.4,Usnea_amblyoclada
R27_1-3 y 2-3,R27,control_norte,0.3,1.6,0.8,1444.932,0.000899696,0.000346037,0.000553659,1.3,0.5,Parmotrema_reticulatum
R28_1-1 y 1-2,R28,sur_norte,0.5,1.1,0.8,1040.183,0.000576822,0.000288411,0.000288411,0.6,0.3,Usnea_amblyoclada
R28_1-1 y 1-2,R28,sur_norte,0.3,0.7,0.5,675.428,0.000592217,0.000296109,0.000296109,0.4,0.2,Usnea_amblyoclada
R28_1-3,R28,sur_norte,0.3,1.8,0.7,1387.684,0.001080938,0.00028825,0.000792688,1.5,0.4,Parmotrema_reticulatum
R29_1-1 y 1-2,R29,norte_sur,1,2.7,1.9,2043.691,0.000831828,0.00044038,0.000391449,1.7,0.9,Parmotrema_reticulatum
R29_1-1 y 1-2,R29,norte_sur,0.2,0.9,0.3,1230.152,0.000569035,8.13E-05,0.000487745,0.7,0.1,Usnea_amblyoclada
R28_1-2,R28,sur_norte,0.6,1.4,1,1618.806,0.000494191,0.000247096,0.000247096,0.8,0.4,Usnea_amblyoclada
R28_1-3,R28,sur_norte,0.2,0.8,0.3,957.202,0.000626827,0.000104471,0.000522356,0.6,0.1,Parmotrema_reticulatum
R29_2-2,R29,norte_sur,0.3,1.4,0.6,1346.112,0.000817168,0.000222864,0.000594304,1.1,0.3,Parmotrema_reticulatum
R29_1-3 y 2-3,R29,norte_sur,0.6,1.4,1,1003.865,0.00079692,0.00039846,0.00039846,0.8,0.4,Usnea_amblyoclada
R29_1-3 y 2-3,R29,norte_sur,0.4,1,0.7,1469.77,0.000408227,0.000204114,0.000204114,0.6,0.3,Parmotrema_reticulatum
R1_1-1,R1,control_baja,1.2,2.7,2.2,946.144,0.158538235,0.105692157,0.052846078,1.5,1,Parmotrema_reticulatum
R1_1-2,R1,control_baja,0.8,1.1,1,875.818,0.034253692,0.022835795,0.011417897,0.3,0.2,Usnea_amblyoclada
R1_1-3,R1,control_baja,0.6,1.8,1.1,914.501,0.131219102,0.054674626,0.076544476,1.2,0.5,Parmotrema_reticulatum
R1_2-1,R1,control_baja,0.4,0.8,0.5,689.66,0.057999594,0.014499899,0.043499696,0.4,0.1,Usnea_amblyoclada
R1_2-2,R1,control_baja,4.5,12.1,8.9,3380.397,0.224825664,0.130162227,0.094663437,7.6,4.4,Parmotrema_reticulatum
R1_2-3,R1,control_baja,0.3,0.8,0.6,807.66,0.061907238,0.037144343,0.024762895,0.5,0.3,Usnea_amblyoclada
R1_3-3,R1,control_baja,1.7,4.3,2.8,2174.502,0.119567607,0.050586295,0.068981312,2.6,1.1,Parmotrema_reticulatum
R1_2-3,R1,control_baja,0.2,0.6,0.4,673.811,0.059363828,0.029681914,0.029681914,0.4,0.2,Usnea_amblyoclada
R2_2-2,R2,control_baja,2.3,8.8,5.7,3886.524,0.167244561,0.08748177,0.079762791,6.5,3.4,Parmotrema_reticulatum
R2_2-1,R2,control_baja,0.8,1.9,1.3,1573.96,0.069887418,0.031767008,0.03812041,1.1,0.5,Usnea_amblyoclada
R2_1-3,R2,control_baja,0.8,1.9,1.4,1366.342,0.08050693,0.043912871,0.036594059,1.1,0.6,Usnea_amblyoclada
R3_1-2,R3,control_baja,0.3,1.3,0.6,896.786,0.111509323,0.033452797,0.078056526,1,0.3,Parmotrema_reticulatum
R1_3-1,R1,control_baja,2,6.2,4.2,3111.097,0.135000612,0.070714606,0.064286006,4.2,2.2,Parmotrema_reticulatum
R4_1-1,R4,control_baja,1,3.5,2.1,2266.53,0.110300768,0.048532338,0.06176843,2.5,1.1,Parmotrema_reticulatum
R4_1-3,R4,control_baja,0.7,3,1.6,1605.951,0.143217321,0.05604156,0.087175761,2.3,0.9,Parmotrema_reticulatum
R4_2-3,R4,control_baja,0.4,1.7,0.9,1046.943,0.124171039,0.047758092,0.076412947,1.3,0.5,Parmotrema_reticulatum
R5_1-3,R5,control_baja,0.6,1.5,1,993.594,0.090580257,0.040257892,0.050322365,0.9,0.4,Usnea_amblyoclada
R5_1-1,R5,control_baja,0.7,2.7,1.6,2682.646,0.074553258,0.033548966,0.041004292,2,0.9,Parmotrema_reticulatum
R5_1-2,R5,control_baja,0.6,2.7,1.6,2032.796,0.103305988,0.049193328,0.054112661,2.1,1,Parmotrema_reticulatum
R5_2-1,R5,control_baja,1,4.2,2.4,2686.223,0.119126372,0.052117788,0.067008584,3.2,1.4,Parmotrema_reticulatum
R6_1-2,R6,control_baja,0.5,1.8,1.1,1208.113,0.107605828,0.049664228,0.0579416,1.3,0.6,Parmotrema_reticulatum
R6_1-3,R6,control_baja,0.7,2.9,1.6,2242.595,0.098100638,0.040132079,0.057968559,2.2,0.9,Parmotrema_reticulatum
R6_2-3,R6,control_baja,NA,NA,NA,NA,NA,NA,NA,NA,NA,Parmotrema_reticulatum
R9_1-3,R9,baja_media,1.7,4.5,3.1,1733.362,0.16153579,0.080767895,0.080767895,2.8,1.4,Parmotrema_reticulatum
R9_2-1 parmotrema,R9,baja_media,1.7,5.7,3.8,3724.825,0.107387595,0.056378488,0.051009108,4,2.1,Parmotrema_reticulatum
R9_2-2 usnea,R9,baja_media,NA,NA,NA,NA,NA,NA,NA,NA,NA,Usnea_amblyoclada
R11N,R11N,sur_norte,1.1,2.8,1.9,1166.967,0.145676784,0.068553781,0.077123003,1.7,0.8,Usnea_amblyoclada
R12,R12,control_norte,0.5,1.3,1,868.246,0.092139785,0.057587366,0.034552419,0.8,0.5,Usnea_amblyoclada
R13_1-1 y 2-1 usnea,R13,norte_sur,0.6,1.5,1,913.017,0.098574287,0.043810794,0.054763493,0.9,0.4,Usnea_amblyoclada
R13_1-1 y 2-1 parmotrema,R13,norte_sur,0.4,1.6,1,840.323,0.142802232,0.071401116,0.071401116,1.2,0.6,Parmotrema_reticulatum
R13_1-3 y 2-3 usnea,R13,norte_sur,1.4,3.1,2.4,1792.897,0.094818609,0.055775652,0.039042957,1.7,1,Usnea_amblyoclada
R13_1-3 y 2-3 parmotrema,R13,norte_sur,0.4,1.5,0.9,1008.137,0.109112154,0.049596434,0.059515721,1.1,0.5,Parmotrema_reticulatum
R18_1-1,R18,norte_sur,1.9,3.9,3.1,2231.549,0.089623844,0.053774307,0.035849538,2,1.2,Usnea_amblyoclada
R16_1-3,R16,control_norte,2.8,6.4,5,2773.554,0.129797365,0.079320612,0.050476753,3.6,2.2,Usnea_amblyoclada
R13_1-2 y 2-2 usnea,R13,norte_sur,1.2,2.3,1.9,1305.554,0.08425542,0.053617085,0.030638334,1.1,0.7,Usnea_amblyoclada
R13_1-2 y 2-2 parmotrema,R13,norte_sur,0.2,0.4,0.4,707.311,0.028276105,0.028276105,0,0.2,0.2,Parmotrema_reticulatum
R11N_1-3,R11N,sur_norte,0.6,1.5,1,982.364,0.091615735,0.040718104,0.050897631,0.9,0.4,Usnea_amblyoclada
R15_2-2 y 2-3 usnea,R15,sur_norte,1.2,2.9,2,1475.291,0.115231504,0.05422659,0.061004914,1.7,0.8,Usnea_amblyoclada
R15_2-2 y 2-3 parmotrema,R15,sur_norte,0.3,1.4,0.7,1051.052,0.104657048,0.038057109,0.06659994,1.1,0.4,Parmotrema_reticulatum
R15_ 1-1 y 1-2 usnea,R15,sur_norte,0.9,2.1,1.5,1397.497,0.085867805,0.042933903,0.042933903,1.2,0.6,Usnea_amblyoclada
R15_ 1-1 y 1-2 parmotrema,R15,sur_norte,NA,NA,NA,NA,NA,NA,NA,NA,NA,Parmotrema_reticulatum
R16_2-1,R16,control_norte,1.3,2.9,2.3,1610.486,0.099348892,0.062093058,0.037255835,1.6,1,Usnea_amblyoclada
R17_1-2 y 2-2 usnea,R17,control_sur,1,2.2,1.6,1041.769,0.115188684,0.057594342,0.057594342,1.2,0.6,Usnea_amblyoclada
R17_1-2 y 2-2 parmotrema,R17,control_sur,1.2,3.3,2.2,1910.315,0.109929514,0.052347388,0.057582127,2.1,1,Parmotrema_reticulatum
R17_1-1 y 2-1 usnea,R17,control_sur,1.4,3.6,2.5,2011.86,0.109351545,0.054675773,0.054675773,2.2,1.1,Usnea_amblyoclada
R17_1-1 y 2-1 parmotrema,R17,control_sur,1.6,5.3,3.9,2206.248,0.167705535,0.104249386,0.063456148,3.7,2.3,Parmotrema_reticulatum
R17_1-3 y 2-3 usnea,R17,control_sur,0.3,0.8,0.6,805.096,0.062104395,0.037262637,0.024841758,0.5,0.3,Usnea_amblyoclada
R17_1-3 y 2-3 parmotrema,R17,control_sur,0.3,1.2,0.7,461,0.19538034,0.086835707,0.108544634,0.9,0.4,Parmotrema_reticulatum
R18_1-2 y 1-3 usnea,R18,norte_sur,1.7,4.1,2.9,1968.506,0.121919872,0.060959936,0.060959936,2.4,1.2,Usnea_amblyoclada
R18_1-2 y 1-3 parmotrema,R18,norte_sur,0.9,4,2.6,2405.149,0.128890144,0.070681692,0.058208452,3.1,1.7,Parmotrema_reticulatum
R18_2-2,R18,norte_sur,1,3.5,2.1,2919.624,0.085627464,0.037676084,0.04795138,2.5,1.1,Parmotrema_reticulatum
R21_1-2 y 2-2 usnea,R21,control_sur,0.8,1.7,1.2,1325.914,0.067877705,0.030167869,0.037709836,0.9,0.4,Usnea_amblyoclada
R21_1-2 y 2-2 parmotrema,R21,control_sur,0.4,1.8,1.1,1465.115,0.095555639,0.047777819,0.047777819,1.4,0.7,Parmotrema_reticulatum
R25_1-1 y 1-2 usnea,R25,norte_sur,0.8,1.8,1.3,1505.141,0.066438958,0.033219479,0.033219479,1,0.5,Usnea_amblyoclada
R25_1-1 y 1-2 parmotrema,R25,norte_sur,1.4,4.7,3.2,2294.889,0.143797805,0.078435166,0.065362638,3.3,1.8,Parmotrema_reticulatum
R30_1-3,R30,media_alta,0.6,1.5,1.1,1098.475,0.081931769,0.045517649,0.03641412,0.9,0.5,Usnea_amblyoclada
R25_1-3 y 2-1 usnea,R25,norte_sur,1.6,3.9,2.8,2187.598,0.105138147,0.054854685,0.050283462,2.3,1.2,Usnea_amblyoclada
R25_1-3 y 2-1 parmotrema,R25,norte_sur,1.3,4.8,2.9,2162.768,0.161829655,0.073979271,0.087850384,3.5,1.6,Parmotrema_reticulatum
R23_1-2,R23,sur_norte,1,2.3,1.7,1422.287,0.091402087,0.049216508,0.042185579,1.3,0.7,Usnea_amblyoclada
R33_2-2,R33,media_alta,1.1,3.7,2.3,2616.337,0.099375577,0.045865651,0.053509926,2.6,1.2,Parmotrema_reticulatum
R34_1-2,R34,media_alta,1.5,3.3,2.5,2581.838,0.069717775,0.038732097,0.030985678,1.8,1,Usnea_amblyoclada
R14_1-3 y 2-3 usnea,R14,control_sur,1.3,3.2,2.2,1590.052,0.119492947,0.056601922,0.062891025,1.9,0.9,Usnea_amblyoclada
R14_1-3 y 2-3 parmotrema,R14,control_sur,NA,NA,NA,NA,NA,NA,NA,NA,NA,Parmotrema_reticulatum
R14_1-2 y 2-2 usnea,R14,control_sur,1.5,3.8,2.6,1843.154,0.1247861,0.059680309,0.065105791,2.3,1.1,Usnea_amblyoclada
R14_1-2 y 2-2 parmotrema,R14,control_sur,0.7,3,1.8,1770.191,0.129929482,0.062140187,0.067789295,2.3,1.1,Parmotrema_reticulatum
R14_2-3,R14,control_sur,0.4,1.6,0.9,1284.839,0.093396916,0.038915382,0.054481534,1.2,0.5,Parmotrema_reticulatum
R19_1-1,R19,sur_norte,1.5,3.7,2.6,1723.433,0.127652192,0.063826096,0.063826096,2.2,1.1,Usnea_amblyoclada
R21_1-1 y 2-1 usnea,R21,control_sur,0.7,1.9,1.2,1466.434,0.081831163,0.034096318,0.047734845,1.2,0.5,Usnea_amblyoclada
R21_1-1 y 2-1 parmotrema,R21,control_sur,1.6,5.6,3.8,2883.68,0.138711646,0.076291405,0.062420241,4,2.2,Parmotrema_reticulatum
R21_1-3 y 2-3 usnea,R21,control_sur,0.5,1.1,0.9,1119.42,0.053599185,0.03573279,0.017866395,0.6,0.4,Usnea_amblyoclada
R21_1-3 y 2-3 parmotrema,R21,control_sur,0.5,2.2,1.3,997.986,0.170343071,0.080161445,0.090181626,1.7,0.8,Parmotrema_reticulatum
R22_1-3 y 2-3 usnea,R22,norte_sur,1.1,2.7,1.9,1501.325,0.106572528,0.053286264,0.053286264,1.6,0.8,Usnea_amblyoclada
R22_1-3 y 2-3 parmotrema,R22,norte_sur,0.2,1.4,0.6,1251.957,0.095849937,0.031949979,0.063899958,1.2,0.4,Parmotrema_reticulatum
R25_2-2 y 2-3 usnea,R25,norte_sur,0.7,2,1.4,1122.287,0.115834898,0.062372637,0.053462261,1.3,0.7,Usnea_amblyoclada
R25_2-2 y 2-3 parmotrema,R25,norte_sur,0.6,2.4,1.5,988.004,0.182185497,0.091092749,0.091092749,1.8,0.9,Parmotrema_reticulatum
R31_2-3,R31,media_alta,0.4,1.6,1,896.596,0.133839544,0.066919772,0.066919772,1.2,0.6,Parmotrema_reticulatum
R31_1-1,R31,media_alta,1.4,3.7,2.4,1896.935,0.121248224,0.052716619,0.068531605,2.3,1,Usnea_amblyoclada
R31_2-1,R31,media_alta,NA,NA,NA,NA,NA,NA,NA,NA,NA,Parmotrema_reticulatum
R31_1-2,R31,media_alta,0.3,1.5,0.8,954.509,0.125719087,0.052382953,0.073336134,1.2,0.5,Parmotrema_reticulatum
R31_1-3,R31,media_alta,2.7,6,4.6,2965.652,0.111274013,0.064066856,0.047207157,3.3,1.9,Usnea_amblyoclada
R32_1-2,R32,media_alta,1,2.3,1.7,1119.491,0.116124203,0.062528417,0.053595786,1.3,0.7,Usnea_amblyoclada
R32_2-3,R32,media_alta,0.2,0.9,0.5,724.695,0.09659236,0.041396726,0.055195634,0.7,0.3,Parmotrema_reticulatum
R32_1-3,R32,media_alta,0.8,1.9,1.4,1113.603,0.09877847,0.053879165,0.044899304,1.1,0.6,Usnea_amblyoclada
R32_1-1,R32,media_alta,1.7,3.7,2.8,1870.043,0.106949412,0.058822177,0.048127236,2,1.1,Usnea_amblyoclada
R32_2-1,R32,media_alta,0.5,2.5,1.3,1015.728,0.196903108,0.078761243,0.118141865,2,0.8,Parmotrema_reticulatum
R33_2-1,R33,media_alta,0.8,1.8,1.2,1082.554,0.092374145,0.036949658,0.055424487,1,0.4,Usnea_amblyoclada
R33_1-3,R33,media_alta,0.7,2.3,1.6,984.175,0.162572713,0.091447151,0.071125562,1.6,0.9,Parmotrema_reticulatum
R33_1-1,R33,media_alta,1.1,3.3,2.1,2331.199,0.094372038,0.042896381,0.051475657,2.2,1,Parmotrema_reticulatum
R34_1-3,R33,media_alta,2.8,6.1,4.7,2565.315,0.128639173,0.074064978,0.054574195,3.3,1.9,Usnea_amblyoclada
