roca,posicion,tcontacto,tinicio,tabs,spp,tmt,tabsparc,tabstot,tini,status_final,status_initial
R1,1_1,6,7,8,P.reticulatum,control_baja,1,2,1,1,0
R1,1_1,11,12,20,P.reticulatum,control_baja,8,9,8,1,1
R1,1_1,15,18,135,P.reticulatum,control_baja,90,90,90,1,0
R1,1_1,22,23,23,P.reticulatum,control_baja,0,1,0,1,1
R1,1_1,25,27,31,P.reticulatum,control_baja,4,6,4,1,1
R1,1_1,29,30,31,P.reticulatum,control_baja,1,2,1,1,1
R1,1_1,32,33,34,P.reticulatum,control_baja,1,2,1,1,1
R1,1_1,36,39,44,P.reticulatum,control_baja,5,8,5,1,1
R1,1_1,40,40,41,P.reticulatum,control_baja,1,1,1,1,1
R1,1_1,43,49,84,P.reticulatum,control_baja,35,41,35,1,1
R1,1_1,48,50,53,P.reticulatum,control_baja,3,5,3,1,1
R1,1_1,54,57,68,P.reticulatum,control_baja,11,14,11,1,1
R1,1_1,58,65,69,P.reticulatum,control_baja,4,11,4,1,1
R1,1_1,62,39,95,P.reticulatum,control_baja,56,33,56,1,1
R1,1_1,65,84,90,P.reticulatum,control_baja,6,25,6,1,1
R1,1_1,73,74,116,P.reticulatum,control_baja,42,43,42,1,1
R1,1_1,76,78,82,P.reticulatum,control_baja,4,6,4,1,1
R1,1_1,80,81,152,P.reticulatum,control_baja,71,72,71,1,1
R1,1_1,83,84,90,P.reticulatum,control_baja,6,7,6,1,1
R1,1_1,87,87,89,P.reticulatum,control_baja,2,2,2,1,1
R1,1_1,90,90,90,P.reticulatum,control_baja,90,90,90,0,0
R1,1_1,93,95,135,P.reticulatum,control_baja,40,42,40,1,1
R1,1_1,101,103,143,P.reticulatum,control_baja,40,42,40,1,1
R1,1_1,109,90,90,P.reticulatum,control_baja,90,90,90,0,0
R1,1_1,113,119,132,P.reticulatum,control_baja,13,19,13,1,1
R1,1_2,7,9,19,U.amblyoclada,control_baja,10,12,10,1,1
R1,1_2,11,12,19,U.amblyoclada,control_baja,7,8,7,1,1
R1,1_2,16,18,33,U.amblyoclada,control_baja,15,17,15,1,1
R1,1_2,19,21,38,U.amblyoclada,control_baja,17,19,17,1,1
R1,1_2,23,25,31,U.amblyoclada,control_baja,6,8,6,1,1
R1,1_2,26,27,40,U.amblyoclada,control_baja,13,14,13,1,1
R1,1_2,30,32,56,U.amblyoclada,control_baja,24,26,24,1,1
R1,1_2,33,36,57,U.amblyoclada,control_baja,21,24,21,1,1
R1,1_2,38,42,76,U.amblyoclada,control_baja,34,38,34,1,1
R1,1_2,48,50,60,U.amblyoclada,control_baja,10,12,10,1,1
R1,1_2,52,55,81,U.amblyoclada,control_baja,26,29,26,1,1
R1,1_2,58,61,89,U.amblyoclada,control_baja,28,31,28,1,1
R1,1_2,62,74,141,U.amblyoclada,control_baja,67,79,67,1,1
R1,1_2,66,69,78,U.amblyoclada,control_baja,9,12,9,1,1
R1,1_2,72,75,90,U.amblyoclada,control_baja,15,18,15,1,1
R1,1_2,80,83,106,U.amblyoclada,control_baja,23,26,23,1,1
R1,1_2,88,91,108,U.amblyoclada,control_baja,17,20,17,1,1
R1,1_2,92,94,106,U.amblyoclada,control_baja,12,14,12,1,1
R1,1_2,99,101,108,U.amblyoclada,control_baja,7,9,7,1,1
R1,1_2,103,105,125,U.amblyoclada,control_baja,20,22,20,1,1
R1,1_2,122,124,129,U.amblyoclada,control_baja,5,7,5,1,1
R1,1_3,6,7,12,P.reticulatum,control_baja,5,6,5,1,1
R1,1_3,10,11,15,P.reticulatum,control_baja,4,5,4,1,1
R1,1_3,14,15,22,P.reticulatum,control_baja,7,8,7,1,1
R1,1_3,18,19,24,P.reticulatum,control_baja,5,6,5,1,1
R1,1_3,21,48,90,P.reticulatum,control_baja,42,69,42,1,1
R1,1_3,32,34,39,P.reticulatum,control_baja,5,7,5,1,1
R1,1_3,35,36,38,P.reticulatum,control_baja,2,3,2,1,1
R1,1_3,40,41,48,P.reticulatum,control_baja,7,8,7,1,1
R1,1_3,43,44,46,P.reticulatum,control_baja,2,3,2,1,1
R1,1_3,46,48,73,P.reticulatum,control_baja,25,27,25,1,1
R1,1_3,49,51,68,P.reticulatum,control_baja,17,19,17,1,1
R1,1_3,53,65,87,P.reticulatum,control_baja,22,34,22,1,1
R1,1_3,58,58,63,P.reticulatum,control_baja,5,5,5,1,1
R1,1_3,60,64,81,P.reticulatum,control_baja,17,21,17,1,1
R1,1_3,63,66,69,P.reticulatum,control_baja,3,6,3,1,1
R1,1_3,70,77,90,P.reticulatum,control_baja,13,20,13,1,1
R1,1_3,73,75,79,P.reticulatum,control_baja,4,6,4,1,1
R1,1_3,78,80,119,P.reticulatum,control_baja,39,41,39,1,1
R1,1_3,81,83,90,P.reticulatum,control_baja,90,90,90,0,0
R1,2_1,6,6,16,U.amblyoclada,control_baja,10,10,10,1,1
R1,2_1,11,12,24,U.amblyoclada,control_baja,12,13,12,1,1
R1,2_1,19,19,25,U.amblyoclada,control_baja,6,6,6,1,1
R1,2_1,23,24,30,U.amblyoclada,control_baja,6,7,6,1,1
R1,2_1,29,29,39,U.amblyoclada,control_baja,10,10,10,1,1
R1,2_1,37,40,78,U.amblyoclada,control_baja,38,41,38,1,1
R1,2_1,41,42,56,U.amblyoclada,control_baja,14,15,14,1,1
R1,2_1,45,45,51,U.amblyoclada,control_baja,6,6,6,1,1
R1,2_1,49,50,64,U.amblyoclada,control_baja,14,15,14,1,1
R1,2_1,52,55,72,U.amblyoclada,control_baja,17,20,17,1,1
R1,2_1,57,57,64,U.amblyoclada,control_baja,7,7,7,1,1
R1,2_1,64,65,78,U.amblyoclada,control_baja,13,14,13,1,1
R1,2_1,69,90,90,U.amblyoclada,control_baja,90,90,90,0,0
R1,2_1,72,76,92,U.amblyoclada,control_baja,16,20,16,1,1
R1,2_1,76,78,90,U.amblyoclada,control_baja,12,14,12,1,1
R1,2_2,10,100,107,P.reticulatum,control_baja,7,90,7,1,1
R1,2_2,13,15,95,P.reticulatum,control_baja,80,82,80,1,1
R1,2_2,17,28,36,P.reticulatum,control_baja,8,19,8,1,1
R1,2_2,21,23,62,P.reticulatum,control_baja,39,41,39,1,1
R1,2_2,28,32,44,P.reticulatum,control_baja,12,16,12,1,1
R1,2_2,31,36,90,P.reticulatum,control_baja,90,90,90,0,0
R1,2_2,34,36,54,P.reticulatum,control_baja,18,20,18,1,1
R1,2_2,39,50,55,P.reticulatum,control_baja,5,16,5,1,1
R1,2_2,41,43,101,P.reticulatum,control_baja,58,60,58,1,1
R1,2_2,46,53,90,P.reticulatum,control_baja,90,90,90,0,0
R1,2_2,54,55,62,P.reticulatum,control_baja,7,8,7,1,1
R1,2_2,72,74,90,P.reticulatum,control_baja,90,90,90,0,0
R1,2_2,82,84,90,P.reticulatum,control_baja,6,8,6,1,1
R1,2_2,85,109,112,P.reticulatum,control_baja,3,27,3,1,1
R1,2_2,89,91,114,P.reticulatum,control_baja,23,25,23,1,1
R1,2_2,97,107,120,P.reticulatum,control_baja,13,23,13,1,1
R1,2_2,122,90,93,P.reticulatum,control_baja,90,90,90,0,0
R1,2_3,6,10,50,U.amblyoclada,control_baja,40,44,40,1,1
R1,2_3,11,14,31,U.amblyoclada,control_baja,17,20,17,1,1
R1,2_3,24,25,39,U.amblyoclada,control_baja,14,15,14,1,1
R1,2_3,27,28,43,U.amblyoclada,control_baja,15,16,15,1,1
R1,2_3,31,33,48,U.amblyoclada,control_baja,15,17,15,1,1
R1,2_3,35,38,49,U.amblyoclada,control_baja,11,14,11,1,1
R1,2_3,39,41,63,U.amblyoclada,control_baja,22,24,22,1,1
R1,2_3,42,44,109,U.amblyoclada,control_baja,65,67,65,1,1
R1,2_3,52,53,79,U.amblyoclada,control_baja,26,27,26,1,1
R1,2_3,55,57,68,U.amblyoclada,control_baja,11,13,11,1,1
R1,2_3,60,62,97,U.amblyoclada,control_baja,35,37,35,1,1
R1,2_3,63,66,78,U.amblyoclada,control_baja,12,15,12,1,1
R1,2_3,68,69,93,U.amblyoclada,control_baja,24,25,24,1,1
R1,2_3,75,80,105,U.amblyoclada,control_baja,25,30,25,1,1
R1,3_1,21,24,76,P.reticulatum,control_baja,52,55,52,1,1
R1,3_1,30,32,160,P.reticulatum,control_baja,90,90,90,1,0
R1,3_1,38,42,90,P.reticulatum,control_baja,90,90,90,0,0
R1,3_1,42,44,60,P.reticulatum,control_baja,16,18,16,1,1
R1,3_1,64,65,101,P.reticulatum,control_baja,36,37,36,1,1
R1,3_1,69,71,115,P.reticulatum,control_baja,44,46,44,1,1
R1,3_1,73,74,94,P.reticulatum,control_baja,20,21,20,1,1
R1,3_1,76,79,84,P.reticulatum,control_baja,5,8,5,1,1
R1,3_1,89,91,96,P.reticulatum,control_baja,5,7,5,1,1
R1,3_1,93,90,90,P.reticulatum,control_baja,90,90,90,0,0
R1,3_1,96,97,100,P.reticulatum,control_baja,3,4,3,1,1
R1,3_1,104,177,185,P.reticulatum,control_baja,8,81,8,1,1
R1,3_2,6,9,36,U.amblyoclada,control_baja,27,30,27,1,1
R1,3_2,11,17,26,U.amblyoclada,control_baja,9,15,9,1,1
R1,3_2,15,18,27,U.amblyoclada,control_baja,9,12,9,1,1
R1,3_2,19,23,41,U.amblyoclada,control_baja,18,22,18,1,1
R1,3_2,22,32,90,U.amblyoclada,control_baja,90,90,90,0,0
R1,3_2,27,30,54,U.amblyoclada,control_baja,24,27,24,1,1
R1,3_2,30,33,53,U.amblyoclada,control_baja,20,23,20,1,1
R1,3_2,34,44,61,U.amblyoclada,control_baja,17,27,17,1,1
R1,3_2,41,43,49,U.amblyoclada,control_baja,6,8,6,1,1
R1,3_2,45,47,56,U.amblyoclada,control_baja,9,11,9,1,1
R1,3_2,48,51,86,U.amblyoclada,control_baja,35,38,35,1,1
R1,3_2,51,59,90,U.amblyoclada,control_baja,90,90,90,0,0
R1,3_2,55,67,90,U.amblyoclada,control_baja,90,90,90,0,0
R1,3_2,58,61,170,U.amblyoclada,control_baja,90,90,90,1,0
R1,3_2,62,65,103,U.amblyoclada,control_baja,38,41,38,1,1
R1,3_2,66,68,130,U.amblyoclada,control_baja,62,64,62,1,1
R1,3_2,69,72,93,U.amblyoclada,control_baja,21,24,21,1,1
R1,3_2,72,75,135,U.amblyoclada,control_baja,60,63,60,1,1
R1,3_2,77,79,85,U.amblyoclada,control_baja,6,8,6,1,1
R1,3_2,80,84,97,U.amblyoclada,control_baja,13,17,13,1,1
R1,3_2,87,91,118,U.amblyoclada,control_baja,27,31,27,1,1
R1,3_3,23,27,90,P.reticulatum,control_baja,90,90,90,0,0
R1,3_3,26,61,97,P.reticulatum,control_baja,36,71,36,1,1
R1,3_3,30,33,90,P.reticulatum,control_baja,90,90,90,0,0
R1,3_3,33,39,90,P.reticulatum,control_baja,90,90,90,0,0
R1,3_3,37,41,156,P.reticulatum,control_baja,90,90,90,1,0
R1,3_3,41,55,90,P.reticulatum,control_baja,90,90,90,0,0
R1,3_3,44,60,90,P.reticulatum,control_baja,90,90,90,0,0
R1,3_3,48,53,90,P.reticulatum,control_baja,90,90,90,0,0
R1,3_3,52,65,90,P.reticulatum,control_baja,90,90,90,0,0
R1,3_3,56,69,90,P.reticulatum,control_baja,90,90,90,0,0
R1,3_3,72,90,90,P.reticulatum,control_baja,90,90,90,0,0
R1,3_3,80,85,90,P.reticulatum,control_baja,90,90,90,0,0
R1,3_3,84,87,90,P.reticulatum,control_baja,90,90,90,0,0
R2,1_1,18,21,34,U.amblyoclada,control_baja,13,16,13,1,1
R2,1_1,26,27,33,U.amblyoclada,control_baja,6,7,6,1,1
R2,1_1,29,31,41,U.amblyoclada,control_baja,10,12,10,1,1
R2,1_1,36,40,54,U.amblyoclada,control_baja,14,18,14,1,1
R2,1_1,39,42,48,U.amblyoclada,control_baja,6,9,6,1,1
R2,1_1,47,52,62,U.amblyoclada,control_baja,10,15,10,1,1
R2,1_1,50,52,68,U.amblyoclada,control_baja,16,18,16,1,1
R2,1_1,54,56,89,U.amblyoclada,control_baja,33,35,33,1,1
R2,1_1,56,60,95,U.amblyoclada,control_baja,35,39,35,1,1
R2,1_1,66,69,90,U.amblyoclada,control_baja,21,24,21,1,1
R2,1_1,68,71,93,U.amblyoclada,control_baja,22,25,22,1,1
R2,1_1,81,86,173,U.amblyoclada,control_baja,87,90,87,1,1
R2,1_1,84,88,117,U.amblyoclada,control_baja,29,33,29,1,1
R2,1_1,88,94,180,U.amblyoclada,control_baja,86,90,86,1,1
R2,1_1,91,105,183,U.amblyoclada,control_baja,78,90,78,1,1
R2,1_2,7,11,20,P.reticulatum,control_baja,9,13,9,1,1
R2,1_2,10,14,47,P.reticulatum,control_baja,33,37,33,1,1
R2,1_2,14,16,90,P.reticulatum,control_baja,90,90,90,0,0
R2,1_2,17,21,90,P.reticulatum,control_baja,90,90,90,0,0
R2,1_2,21,23,25,P.reticulatum,control_baja,2,4,2,1,1
R2,1_2,24,30,152,P.reticulatum,control_baja,90,90,90,1,0
R2,1_2,31,33,44,P.reticulatum,control_baja,11,13,11,1,1
R2,1_2,34,37,42,P.reticulatum,control_baja,5,8,5,1,1
R2,1_2,40,45,50,P.reticulatum,control_baja,5,10,5,1,1
R2,1_2,45,48,78,P.reticulatum,control_baja,30,33,30,1,1
R2,1_2,52,54,74,P.reticulatum,control_baja,20,22,20,1,1
R2,1_2,59,90,90,P.reticulatum,control_baja,90,90,90,0,0
R2,1_2,61,81,86,P.reticulatum,control_baja,5,25,5,1,1
R2,1_2,68,70,76,P.reticulatum,control_baja,6,8,6,1,1
R2,1_3,11,12,33,U.amblyoclada,control_baja,21,22,21,1,1
R2,1_3,14,15,34,U.amblyoclada,control_baja,19,20,19,1,1
R2,1_3,18,23,31,U.amblyoclada,control_baja,8,13,8,1,1
R2,1_3,22,24,46,U.amblyoclada,control_baja,22,24,22,1,1
R2,1_3,30,36,44,U.amblyoclada,control_baja,8,14,8,1,1
R2,1_3,32,38,46,U.amblyoclada,control_baja,8,14,8,1,1
R2,1_3,39,42,62,U.amblyoclada,control_baja,20,23,20,1,1
R2,1_3,44,47,77,U.amblyoclada,control_baja,30,33,30,1,1
R2,1_3,47,51,68,U.amblyoclada,control_baja,17,21,17,1,1
R2,1_3,51,55,69,U.amblyoclada,control_baja,14,18,14,1,1
R2,1_3,55,57,79,U.amblyoclada,control_baja,22,24,22,1,1
R2,1_3,59,65,125,U.amblyoclada,control_baja,60,66,60,1,1
R2,1_3,62,68,128,U.amblyoclada,control_baja,60,66,60,1,1
R2,1_3,66,71,90,U.amblyoclada,control_baja,90,90,90,0,0
R2,1_3,69,75,85,U.amblyoclada,control_baja,10,16,10,1,1
R2,1_3,74,76,86,U.amblyoclada,control_baja,10,12,10,1,1
R2,2_1,11,31,90,U.amblyoclada,control_baja,90,90,90,0,0
R2,2_1,15,20,33,U.amblyoclada,control_baja,13,18,13,1,1
R2,2_1,18,20,38,U.amblyoclada,control_baja,18,20,18,1,1
R2,2_1,22,24,41,U.amblyoclada,control_baja,17,19,17,1,1
R2,2_1,39,55,90,U.amblyoclada,control_baja,90,90,90,0,0
R2,2_1,42,58,90,U.amblyoclada,control_baja,90,90,90,0,0
R2,2_1,46,58,82,U.amblyoclada,control_baja,24,36,24,1,1
R2,2_1,51,53,58,U.amblyoclada,control_baja,5,7,5,1,1
R2,2_1,60,63,90,U.amblyoclada,control_baja,90,90,90,0,0
R2,2_1,63,77,90,U.amblyoclada,control_baja,90,90,90,0,0
R2,2_1,66,81,90,U.amblyoclada,control_baja,90,90,90,0,0
R2,2_1,69,96,114,U.amblyoclada,control_baja,18,45,18,1,1
R2,2_1,77,82,118,U.amblyoclada,control_baja,36,41,36,1,1
R2,2_1,80,89,140,U.amblyoclada,control_baja,51,60,51,1,1
R2,2_2,9,10,17,P.reticulatum,control_baja,7,8,7,1,1
R2,2_2,13,14,19,P.reticulatum,control_baja,5,6,5,1,1
R2,2_2,16,17,20,P.reticulatum,control_baja,3,4,3,1,1
R2,2_2,24,26,41,P.reticulatum,control_baja,15,17,15,1,1
R2,2_2,28,34,39,P.reticulatum,control_baja,5,11,5,1,1
R2,2_2,32,34,41,P.reticulatum,control_baja,7,9,7,1,1
R2,2_2,36,37,41,P.reticulatum,control_baja,4,5,4,1,1
R2,2_2,45,59,85,P.reticulatum,control_baja,26,40,26,1,1
R2,2_2,48,60,90,P.reticulatum,control_baja,30,42,30,1,1
R2,2_2,52,60,90,P.reticulatum,control_baja,30,38,30,1,1
R2,2_2,55,57,88,P.reticulatum,control_baja,31,33,31,1,1
R2,2_2,58,61,80,P.reticulatum,control_baja,19,22,19,1,1
R2,2_2,63,85,151,P.reticulatum,control_baja,66,88,66,1,1
R2,2_2,67,90,90,P.reticulatum,control_baja,90,90,90,0,0
R2,2_2,73,90,133,P.reticulatum,control_baja,43,60,43,1,1
R2,2_2,81,86,90,P.reticulatum,control_baja,90,90,90,0,0
R2,2_3,8,9,20,P.reticulatum,control_baja,11,12,11,1,1
R2,2_3,10,12,34,P.reticulatum,control_baja,22,24,22,1,1
R2,2_3,15,17,45,P.reticulatum,control_baja,28,30,28,1,1
R2,2_3,18,19,47,P.reticulatum,control_baja,28,29,28,1,1
R2,2_3,22,30,40,P.reticulatum,control_baja,10,18,10,1,1
R2,2_3,26,32,43,P.reticulatum,control_baja,11,17,11,1,1
R2,2_3,29,47,90,P.reticulatum,control_baja,90,90,90,0,0
R2,2_3,32,35,134,P.reticulatum,control_baja,90,90,90,1,0
R2,2_3,36,41,90,P.reticulatum,control_baja,90,90,90,0,0
R2,2_3,51,54,90,P.reticulatum,control_baja,90,90,90,0,0
R2,2_3,55,57,67,P.reticulatum,control_baja,10,12,10,1,1
R2,2_3,62,64,146,P.reticulatum,control_baja,82,84,82,1,1
R2,2_3,65,67,150,P.reticulatum,control_baja,83,85,83,1,1
R2,2_3,69,73,90,P.reticulatum,control_baja,90,90,90,0,0
R2,2_3,73,78,99,P.reticulatum,control_baja,21,26,21,1,1
R2,2_3,83,91,96,P.reticulatum,control_baja,5,13,5,1,1
R2,2_3,91,92,97,P.reticulatum,control_baja,5,6,5,1,1
R2,2_3,95,99,129,P.reticulatum,control_baja,30,34,30,1,1
R2,2_3,113,122,131,P.reticulatum,control_baja,9,18,9,1,1
R3,1_1,9,11,90,U.amblyoclada,control_baja,90,90,90,0,0
R3,1_1,13,14,32,U.amblyoclada,control_baja,18,19,18,1,1
R3,1_1,16,19,29,U.amblyoclada,control_baja,10,13,10,1,1
R3,1_1,19,21,24,U.amblyoclada,control_baja,3,5,3,1,1
R3,1_1,24,31,44,U.amblyoclada,control_baja,13,20,13,1,1
R3,1_1,27,29,38,U.amblyoclada,control_baja,9,11,9,1,1
R3,1_1,34,36,51,U.amblyoclada,control_baja,15,17,15,1,1
R3,1_1,37,40,54,U.amblyoclada,control_baja,14,17,14,1,1
R3,1_1,45,47,63,U.amblyoclada,control_baja,16,18,16,1,1
R3,1_1,48,70,90,U.amblyoclada,control_baja,90,90,90,0,0
R3,1_1,50,51,53,U.amblyoclada,control_baja,2,3,2,1,1
R3,1_1,56,87,90,U.amblyoclada,control_baja,90,90,90,0,0
R3,1_1,69,71,90,U.amblyoclada,control_baja,90,90,90,0,0
R3,1_1,72,74,84,U.amblyoclada,control_baja,10,12,10,1,1
R3,1_1,75,77,87,U.amblyoclada,control_baja,10,12,10,1,1
R3,1_1,78,80,121,U.amblyoclada,control_baja,41,43,41,1,1
R3,1_1,81,84,90,U.amblyoclada,control_baja,6,9,6,1,1
R3,1_1,84,90,90,U.amblyoclada,control_baja,90,90,90,0,0
R3,1_2,15,23,90,P.reticulatum,control_baja,90,90,90,0,0
R3,1_2,21,31,90,P.reticulatum,control_baja,90,90,90,0,0
R3,1_2,26,34,90,P.reticulatum,control_baja,90,90,90,0,0
R3,1_2,29,37,170,P.reticulatum,control_baja,90,90,90,1,0
R3,1_2,35,39,49,P.reticulatum,control_baja,10,14,10,1,1
R3,1_2,39,44,64,P.reticulatum,control_baja,20,25,20,1,1
R3,1_2,41,43,62,P.reticulatum,control_baja,19,21,19,1,1
R3,1_2,44,47,74,P.reticulatum,control_baja,27,30,27,1,1
R3,1_2,53,57,90,P.reticulatum,control_baja,33,37,33,1,1
R3,1_3,10,14,44,U.amblyoclada,control_baja,30,34,30,1,1
R3,1_3,13,16,45,U.amblyoclada,control_baja,29,32,29,1,1
R3,1_3,16,18,24,U.amblyoclada,control_baja,6,8,6,1,1
R3,1_3,21,24,51,U.amblyoclada,control_baja,27,30,27,1,1
R3,1_3,27,40,51,U.amblyoclada,control_baja,11,24,11,1,1
R3,1_3,33,35,72,U.amblyoclada,control_baja,37,39,37,1,1
R3,1_3,35,40,48,U.amblyoclada,control_baja,8,13,8,1,1
R3,1_3,45,48,58,U.amblyoclada,control_baja,10,13,10,1,1
R3,1_3,48,52,69,U.amblyoclada,control_baja,17,21,17,1,1
R3,1_3,52,66,102,U.amblyoclada,control_baja,36,50,36,1,1
R3,1_3,55,66,82,U.amblyoclada,control_baja,16,27,16,1,1
R3,1_3,59,63,79,U.amblyoclada,control_baja,16,20,16,1,1
R3,1_3,67,70,134,U.amblyoclada,control_baja,64,67,64,1,1
R3,1_3,74,85,90,U.amblyoclada,control_baja,90,90,90,0,0
R3,2_1,4,8,90,P.reticulatum,control_baja,90,90,90,0,0
R3,2_1,14,32,90,P.reticulatum,control_baja,90,90,90,0,0
R3,2_1,22,35,90,P.reticulatum,control_baja,90,90,90,0,0
R3,2_1,25,41,47,P.reticulatum,control_baja,6,22,6,1,1
R3,2_1,65,69,73,P.reticulatum,control_baja,4,8,4,1,1
R3,2_1,69,73,82,P.reticulatum,control_baja,9,13,9,1,1
R3,2_1,71,90,90,P.reticulatum,control_baja,90,90,90,0,0
R3,2_1,78,80,98,P.reticulatum,control_baja,18,20,18,1,1
R3,2_1,80,88,105,P.reticulatum,control_baja,17,25,17,1,1
R3,2_1,86,123,129,P.reticulatum,control_baja,6,43,6,1,1
R3,2_1,89,90,90,P.reticulatum,control_baja,90,90,90,0,0
R3,2_1,94,90,90,P.reticulatum,control_baja,90,90,90,0,0
R3,2_2,5,6,9,P.reticulatum,control_baja,3,4,3,1,1
R3,2_2,9,12,90,P.reticulatum,control_baja,90,90,90,0,0
R3,2_2,12,24,90,P.reticulatum,control_baja,90,90,90,0,0
R3,2_2,15,79,90,P.reticulatum,control_baja,90,90,90,0,0
R3,2_2,17,88,98,P.reticulatum,control_baja,10,81,10,1,1
R3,2_2,40,78,87,P.reticulatum,control_baja,9,47,9,1,1
R3,2_2,42,81,91,P.reticulatum,control_baja,10,49,10,1,1
R3,2_2,45,59,118,P.reticulatum,control_baja,59,73,59,1,1
R3,2_2,48,73,90,P.reticulatum,control_baja,17,42,17,1,1
R3,2_2,51,55,138,P.reticulatum,control_baja,83,87,83,1,1
R3,2_2,54,58,91,P.reticulatum,control_baja,33,37,33,1,1
R3,2_2,63,90,90,P.reticulatum,control_baja,90,90,90,0,0
R3,2_2,67,73,81,P.reticulatum,control_baja,8,14,8,1,1
R3,2_2,69,90,90,P.reticulatum,control_baja,90,90,90,0,0
R3,2_2,78,87,95,P.reticulatum,control_baja,8,17,8,1,1
R3,2_3,8,90,90,U.amblyoclada,control_baja,90,90,90,0,0
R3,2_3,16,25,55,U.amblyoclada,control_baja,30,39,30,1,1
R3,2_3,25,26,29,U.amblyoclada,control_baja,3,4,3,1,1
R3,2_3,29,30,41,U.amblyoclada,control_baja,11,12,11,1,1
R3,2_3,33,36,113,U.amblyoclada,control_baja,77,80,77,1,1
R3,2_3,36,62,72,U.amblyoclada,control_baja,10,36,10,1,1
R3,2_3,39,75,80,U.amblyoclada,control_baja,5,41,5,1,1
R3,2_3,42,55,59,U.amblyoclada,control_baja,4,17,4,1,1
R3,2_3,65,75,131,U.amblyoclada,control_baja,56,66,56,1,1
R3,2_3,67,79,137,U.amblyoclada,control_baja,58,70,58,1,1
R3,2_3,71,90,90,U.amblyoclada,control_baja,90,90,90,0,0
R3,2_3,74,95,138,U.amblyoclada,control_baja,43,64,43,1,1
R3,2_3,78,95,122,U.amblyoclada,control_baja,27,44,27,1,1
R3,2_3,81,83,98,U.amblyoclada,control_baja,15,17,15,1,1
R3,2_3,83,110,132,U.amblyoclada,control_baja,22,49,22,1,1
R3,2_3,94,90,90,U.amblyoclada,control_baja,90,90,90,0,0
R3,2_3,113,90,90,U.amblyoclada,control_baja,90,90,90,0,0
R3,2_3,125,90,90,U.amblyoclada,control_baja,90,90,90,0,0
R4,1_1,7,10,19,P.reticulatum,control_baja,9,12,9,1,1
R4,1_1,10,71,95,P.reticulatum,control_baja,24,85,24,1,1
R4,1_1,17,23,30,P.reticulatum,control_baja,7,13,7,1,1
R4,1_1,20,85,90,P.reticulatum,control_baja,90,90,90,0,0
R4,1_1,23,45,90,P.reticulatum,control_baja,90,90,90,0,0
R4,1_1,27,35,102,P.reticulatum,control_baja,67,75,67,1,1
R4,1_1,30,35,130,P.reticulatum,control_baja,90,90,90,1,0
R4,1_1,34,48,125,P.reticulatum,control_baja,77,90,77,1,1
R4,1_1,37,40,136,P.reticulatum,control_baja,90,90,90,1,0
R4,1_1,40,43,52,P.reticulatum,control_baja,9,12,9,1,1
R4,1_1,43,52,90,P.reticulatum,control_baja,90,90,90,0,0
R4,1_1,47,92,132,P.reticulatum,control_baja,40,85,40,1,1
R4,1_1,50,53,146,P.reticulatum,control_baja,90,90,90,1,0
R4,1_1,54,74,90,P.reticulatum,control_baja,90,90,90,0,0
R4,1_1,58,72,90,P.reticulatum,control_baja,90,90,90,0,0
R4,1_1,62,90,90,P.reticulatum,control_baja,90,90,90,0,0
R4,1_1,65,90,90,P.reticulatum,control_baja,90,90,90,0,0
R4,1_3,6,9,41,P.reticulatum,control_baja,32,35,32,1,1
R4,1_3,9,15,90,P.reticulatum,control_baja,90,90,90,0,0
R4,1_3,13,26,90,P.reticulatum,control_baja,90,90,90,0,0
R4,1_3,19,35,90,P.reticulatum,control_baja,90,90,90,0,0
R4,1_3,22,30,111,P.reticulatum,control_baja,81,89,81,1,1
R4,1_3,25,27,35,P.reticulatum,control_baja,8,10,8,1,1
R4,1_3,28,44,90,P.reticulatum,control_baja,90,90,90,0,0
R4,1_3,31,51,90,P.reticulatum,control_baja,90,90,90,0,0
R4,1_3,35,53,90,P.reticulatum,control_baja,90,90,90,0,0
R4,1_3,37,55,90,P.reticulatum,control_baja,90,90,90,0,0
R4,1_3,47,81,90,P.reticulatum,control_baja,90,90,90,0,0
R4,1_3,49,56,104,P.reticulatum,control_baja,48,55,48,1,1
R4,1_3,54,62,101,P.reticulatum,control_baja,39,47,39,1,1
R4,1_3,57,60,82,P.reticulatum,control_baja,22,25,22,1,1
R4,1_3,61,83,147,P.reticulatum,control_baja,64,86,64,1,1
R4,1_3,70,87,90,P.reticulatum,control_baja,90,90,90,0,0
R4,1_3,72,89,90,P.reticulatum,control_baja,90,90,90,0,0
R4,2_1,6,25,90,U.amblyoclada,control_baja,90,90,90,0,0
R4,2_1,10,31,90,U.amblyoclada,control_baja,90,90,90,0,0
R4,2_1,13,14,22,U.amblyoclada,control_baja,8,9,8,1,1
R4,2_1,16,26,36,U.amblyoclada,control_baja,10,20,10,1,1
R4,2_1,22,25,34,U.amblyoclada,control_baja,9,12,9,1,1
R4,2_1,37,38,42,U.amblyoclada,control_baja,4,5,4,1,1
R4,2_1,40,51,73,U.amblyoclada,control_baja,22,33,22,1,1
R4,2_1,44,46,55,U.amblyoclada,control_baja,9,11,9,1,1
R4,2_1,59,68,90,U.amblyoclada,control_baja,90,90,90,0,0
R4,2_1,63,75,122,U.amblyoclada,control_baja,47,59,47,1,1
R4,2_1,70,72,82,U.amblyoclada,control_baja,10,12,10,1,1
R4,2_1,76,78,85,U.amblyoclada,control_baja,7,9,7,1,1
R4,2_1,79,81,85,U.amblyoclada,control_baja,4,6,4,1,1
R4,2_1,82,86,98,U.amblyoclada,control_baja,12,16,12,1,1
R4,2_2,11,15,90,P.reticulatum,control_baja,90,90,90,0,0
R4,2_2,28,30,41,P.reticulatum,control_baja,11,13,11,1,1
R4,2_2,33,35,43,P.reticulatum,control_baja,8,10,8,1,1
R4,2_2,37,51,90,P.reticulatum,control_baja,90,90,90,0,0
R4,2_2,42,45,90,P.reticulatum,control_baja,90,90,90,0,0
R4,2_2,46,52,77,P.reticulatum,control_baja,25,31,25,1,1
R4,2_2,50,57,59,P.reticulatum,control_baja,2,9,2,1,1
R4,2_2,58,60,71,P.reticulatum,control_baja,11,13,11,1,1
R4,2_2,68,69,88,P.reticulatum,control_baja,19,20,19,1,1
R4,2_2,73,74,75,P.reticulatum,control_baja,1,2,1,1,1
R4,2_2,78,90,90,P.reticulatum,control_baja,90,90,90,0,0
R4,2_3,8,90,90,P.reticulatum,control_baja,90,90,90,0,0
R4,2_3,12,37,90,P.reticulatum,control_baja,90,90,90,0,0
R4,2_3,18,90,90,P.reticulatum,control_baja,90,90,90,0,0
R4,2_3,25,95,121,P.reticulatum,control_baja,26,90,26,1,1
R4,2_3,47,64,90,P.reticulatum,control_baja,90,90,90,0,0
R5,1_1,6,90,90,P.reticulatum,control_baja,90,90,90,0,0
R5,1_1,11,74,89,P.reticulatum,control_baja,15,78,15,1,1
R5,1_1,16,17,23,P.reticulatum,control_baja,6,7,6,1,1
R5,1_1,20,25,35,P.reticulatum,control_baja,10,15,10,1,1
R5,1_1,23,26,77,P.reticulatum,control_baja,51,54,51,1,1
R5,1_1,26,30,104,P.reticulatum,control_baja,74,78,74,1,1
R5,1_1,30,132,136,P.reticulatum,control_baja,4,90,4,1,1
R5,1_1,61,71,92,P.reticulatum,control_baja,21,31,21,1,1
R5,1_1,64,73,91,P.reticulatum,control_baja,18,27,18,1,1
R5,1_1,68,81,93,P.reticulatum,control_baja,12,25,12,1,1
R5,1_1,75,78,87,P.reticulatum,control_baja,9,12,9,1,1
R5,1_1,78,82,94,P.reticulatum,control_baja,12,16,12,1,1
R5,1_1,87,95,132,P.reticulatum,control_baja,37,45,37,1,1
R5,1_1,99,102,115,P.reticulatum,control_baja,13,16,13,1,1
R5,1_1,104,90,90,P.reticulatum,control_baja,90,90,90,0,0
R5,1_2,8,23,32,P.reticulatum,control_baja,9,24,9,1,1
R5,1_2,14,29,41,P.reticulatum,control_baja,12,27,12,1,1
R5,1_2,27,28,35,P.reticulatum,control_baja,7,8,7,1,1
R5,1_2,35,37,110,P.reticulatum,control_baja,73,75,73,1,1
R5,1_2,39,48,56,P.reticulatum,control_baja,8,17,8,1,1
R5,1_2,49,51,56,P.reticulatum,control_baja,5,7,5,1,1
R5,1_2,57,58,83,P.reticulatum,control_baja,25,26,25,1,1
R5,1_2,61,75,123,P.reticulatum,control_baja,48,62,48,1,1
R5,1_2,64,77,96,P.reticulatum,control_baja,19,32,19,1,1
R5,1_2,78,89,106,P.reticulatum,control_baja,17,28,17,1,1
R5,1_2,86,90,90,P.reticulatum,control_baja,90,90,90,0,0
R5,1_2,89,90,90,P.reticulatum,control_baja,90,90,90,0,0
R5,1_2,94,96,101,P.reticulatum,control_baja,5,7,5,1,1
R5,1_2,97,102,122,P.reticulatum,control_baja,20,25,20,1,1
R5,1_3,7,10,16,U.amblyoclada,control_baja,6,9,6,1,1
R5,1_3,10,12,17,U.amblyoclada,control_baja,5,7,5,1,1
R5,1_3,14,15,25,U.amblyoclada,control_baja,10,11,10,1,1
R5,1_3,17,19,27,U.amblyoclada,control_baja,8,10,8,1,1
R5,1_3,25,27,31,U.amblyoclada,control_baja,4,6,4,1,1
R5,1_3,30,32,43,U.amblyoclada,control_baja,11,13,11,1,1
R5,1_3,34,37,48,U.amblyoclada,control_baja,11,14,11,1,1
R5,1_3,38,40,53,U.amblyoclada,control_baja,13,15,13,1,1
R5,1_3,43,45,51,U.amblyoclada,control_baja,6,8,6,1,1
R5,1_3,47,49,54,U.amblyoclada,control_baja,5,7,5,1,1
R5,1_3,50,52,59,U.amblyoclada,control_baja,7,9,7,1,1
R5,1_3,55,58,63,U.amblyoclada,control_baja,5,8,5,1,1
R5,1_3,60,64,70,U.amblyoclada,control_baja,6,10,6,1,1
R5,1_3,64,65,69,U.amblyoclada,control_baja,4,5,4,1,1
R5,1_3,68,74,81,U.amblyoclada,control_baja,7,13,7,1,1
R5,1_3,76,79,83,U.amblyoclada,control_baja,4,7,4,1,1
R5,1_3,81,97,108,U.amblyoclada,control_baja,11,27,11,1,1
R5,1_3,85,92,101,U.amblyoclada,control_baja,9,16,9,1,1
R5,1_3,90,98,105,U.amblyoclada,control_baja,7,15,7,1,1
R5,2_1,2,25,90,P.reticulatum,control_baja,90,90,90,0,0
R5,2_1,8,43,90,P.reticulatum,control_baja,90,90,90,0,0
R5,2_1,12,22,90,P.reticulatum,control_baja,90,90,90,0,0
R5,2_1,15,42,90,P.reticulatum,control_baja,90,90,90,0,0
R5,2_1,19,90,90,P.reticulatum,control_baja,90,90,90,0,0
R5,2_1,22,24,27,P.reticulatum,control_baja,3,5,3,1,1
R5,2_1,26,38,45,P.reticulatum,control_baja,7,19,7,1,1
R5,2_1,37,52,90,P.reticulatum,control_baja,90,90,90,0,0
R5,2_1,41,52,79,P.reticulatum,control_baja,27,38,27,1,1
R5,2_1,45,51,71,P.reticulatum,control_baja,20,26,20,1,1
R5,2_1,55,61,77,P.reticulatum,control_baja,16,22,16,1,1
R5,2_1,62,65,69,P.reticulatum,control_baja,4,7,4,1,1
R5,2_1,65,90,90,P.reticulatum,control_baja,90,90,90,0,0
R5,2_1,73,84,90,P.reticulatum,control_baja,90,90,90,0,0
R5,2_1,78,81,102,P.reticulatum,control_baja,21,24,21,1,1
R5,2_2,8,11,28,U.amblyoclada,control_baja,17,20,17,1,1
R5,2_2,12,14,22,U.amblyoclada,control_baja,8,10,8,1,1
R5,2_2,19,20,22,U.amblyoclada,control_baja,2,3,2,1,1
R5,2_2,22,25,27,U.amblyoclada,control_baja,2,5,2,1,1
R5,2_2,26,32,37,U.amblyoclada,control_baja,5,11,5,1,1
R5,2_2,29,31,35,U.amblyoclada,control_baja,4,6,4,1,1
R5,2_2,32,36,41,U.amblyoclada,control_baja,5,9,5,1,1
R5,2_2,36,39,47,U.amblyoclada,control_baja,8,11,8,1,1
R5,2_2,40,43,48,U.amblyoclada,control_baja,5,8,5,1,1
R5,2_2,45,48,52,U.amblyoclada,control_baja,4,7,4,1,1
R5,2_2,49,51,66,U.amblyoclada,control_baja,15,17,15,1,1
R5,2_2,57,58,65,U.amblyoclada,control_baja,7,8,7,1,1
R5,2_2,78,79,81,U.amblyoclada,control_baja,2,3,2,1,1
R5,2_2,84,87,94,U.amblyoclada,control_baja,7,10,7,1,1
R5,2_2,88,89,93,U.amblyoclada,control_baja,4,5,4,1,1
R5,2_2,92,95,102,U.amblyoclada,control_baja,7,10,7,1,1
R5,2_2,100,102,111,U.amblyoclada,control_baja,9,11,9,1,1
R5,2_3,6,8,38,U.amblyoclada,control_baja,30,32,30,1,1
R5,2_3,10,15,45,U.amblyoclada,control_baja,30,35,30,1,1
R5,2_3,18,19,26,U.amblyoclada,control_baja,7,8,7,1,1
R5,2_3,21,22,25,U.amblyoclada,control_baja,3,4,3,1,1
R5,2_3,25,26,56,U.amblyoclada,control_baja,30,31,30,1,1
R5,2_3,29,33,58,U.amblyoclada,control_baja,25,29,25,1,1
R5,2_3,33,35,48,U.amblyoclada,control_baja,13,15,13,1,1
R5,2_3,37,41,52,U.amblyoclada,control_baja,11,15,11,1,1
R5,2_3,41,45,53,U.amblyoclada,control_baja,8,12,8,1,1
R5,2_3,46,48,56,U.amblyoclada,control_baja,8,10,8,1,1
R5,2_3,58,59,68,U.amblyoclada,control_baja,9,10,9,1,1
R5,2_3,62,63,68,U.amblyoclada,control_baja,5,6,5,1,1
R5,2_3,66,68,72,U.amblyoclada,control_baja,4,6,4,1,1
R5,2_3,71,73,79,U.amblyoclada,control_baja,6,8,6,1,1
R5,2_3,74,76,82,U.amblyoclada,control_baja,6,8,6,1,1
R5,2_3,79,81,95,U.amblyoclada,control_baja,14,16,14,1,1
R5,2_3,83,85,96,U.amblyoclada,control_baja,11,13,11,1,1
R6,1_1,6,8,15,U.amblyoclada,baja_media,7,9,7,1,1
R6,1_1,10,12,17,U.amblyoclada,baja_media,5,7,5,1,1
R6,1_1,14,19,26,U.amblyoclada,baja_media,7,12,7,1,1
R6,1_1,17,19,36,U.amblyoclada,baja_media,17,19,17,1,1
R6,1_1,21,23,32,U.amblyoclada,baja_media,9,11,9,1,1
R6,1_1,25,26,31,U.amblyoclada,baja_media,5,6,5,1,1
R6,1_1,28,32,37,U.amblyoclada,baja_media,5,9,5,1,1
R6,1_1,31,34,40,U.amblyoclada,baja_media,6,9,6,1,1
R6,1_1,34,36,39,U.amblyoclada,baja_media,3,5,3,1,1
R6,1_1,39,40,42,U.amblyoclada,baja_media,2,3,2,1,1
R6,1_1,54,55,59,U.amblyoclada,baja_media,4,5,4,1,1
R6,1_1,61,62,65,U.amblyoclada,baja_media,3,4,3,1,1
R6,1_1,64,65,69,U.amblyoclada,baja_media,4,5,4,1,1
R6,1_1,68,69,71,U.amblyoclada,baja_media,2,3,2,1,1
R6,1_1,72,73,76,U.amblyoclada,baja_media,3,4,3,1,1
R6,1_1,85,87,90,U.amblyoclada,baja_media,3,5,3,1,1
R6,1_1,89,91,101,U.amblyoclada,baja_media,10,12,10,1,1
R6,1_1,93,95,105,U.amblyoclada,baja_media,10,12,10,1,1
R6,1_1,101,103,106,U.amblyoclada,baja_media,3,5,3,1,1
R6,1_1,109,111,115,U.amblyoclada,baja_media,4,6,4,1,1
R6,1_2,6,10,15,P.reticulatum,baja_media,5,9,5,1,1
R6,1_2,12,45,90,P.reticulatum,baja_media,90,90,90,0,0
R6,1_2,16,26,97,P.reticulatum,baja_media,71,81,71,1,1
R6,1_2,20,24,32,P.reticulatum,baja_media,8,12,8,1,1
R6,1_2,25,35,90,P.reticulatum,baja_media,90,90,90,0,0
R6,1_2,41,90,90,P.reticulatum,baja_media,90,90,90,0,0
R6,1_2,44,67,103,P.reticulatum,baja_media,36,59,36,1,1
R6,1_2,48,50,71,P.reticulatum,baja_media,21,23,21,1,1
R6,1_2,52,54,75,P.reticulatum,baja_media,21,23,21,1,1
R6,1_2,56,58,77,P.reticulatum,baja_media,19,21,19,1,1
R6,1_2,66,67,81,P.reticulatum,baja_media,14,15,14,1,1
R6,1_2,69,70,104,P.reticulatum,baja_media,34,35,34,1,1
R6,1_2,79,90,90,P.reticulatum,baja_media,90,90,90,0,0
R6,1_2,86,87,93,P.reticulatum,baja_media,6,7,6,1,1
R6,1_3,12,14,90,P.reticulatum,baja_media,90,90,90,0,0
R6,1_3,17,20,90,P.reticulatum,baja_media,90,90,90,0,0
R6,1_3,21,22,31,P.reticulatum,baja_media,9,10,9,1,1
R6,1_3,24,27,90,P.reticulatum,baja_media,90,90,90,0,0
R6,1_3,28,31,35,P.reticulatum,baja_media,4,7,4,1,1
R6,1_3,32,34,41,P.reticulatum,baja_media,7,9,7,1,1
R6,1_3,36,37,47,P.reticulatum,baja_media,10,11,10,1,1
R6,1_3,39,42,45,P.reticulatum,baja_media,3,6,3,1,1
R6,1_3,45,47,52,P.reticulatum,baja_media,5,7,5,1,1
R6,1_3,49,53,54,P.reticulatum,baja_media,1,5,1,1,1
R6,1_3,58,59,63,P.reticulatum,baja_media,4,5,4,1,1
R6,1_3,63,64,66,P.reticulatum,baja_media,2,3,2,1,1
R6,1_3,67,70,80,P.reticulatum,baja_media,10,13,10,1,1
R6,1_3,73,76,98,P.reticulatum,baja_media,22,25,22,1,1
R6,1_3,77,85,108,P.reticulatum,baja_media,23,31,23,1,1
R6,1_3,81,83,91,P.reticulatum,baja_media,8,10,8,1,1
R6,2_1,6,7,10,U.amblyoclada,baja_media,3,4,3,1,1
R6,2_1,11,12,15,U.amblyoclada,baja_media,3,4,3,1,1
R6,2_1,25,27,28,U.amblyoclada,baja_media,1,3,1,1,1
R6,2_1,46,48,56,U.amblyoclada,baja_media,8,10,8,1,1
R6,2_1,51,52,54,U.amblyoclada,baja_media,2,3,2,1,1
R6,2_1,60,68,74,U.amblyoclada,baja_media,6,14,6,1,1
R6,2_1,64,90,90,U.amblyoclada,baja_media,90,90,90,0,0
R6,2_1,71,76,97,U.amblyoclada,baja_media,21,26,21,1,1
R6,2_1,77,79,93,U.amblyoclada,baja_media,14,16,14,1,1
R6,2_1,86,90,105,U.amblyoclada,baja_media,15,19,15,1,1
R6,2_1,96,102,107,U.amblyoclada,baja_media,5,11,5,1,1
R6,2_1,102,104,112,U.amblyoclada,baja_media,8,10,8,1,1
R6,2_1,106,109,116,U.amblyoclada,baja_media,7,10,7,1,1
R6,2_1,111,115,121,U.amblyoclada,baja_media,6,10,6,1,1
R6,2_2,6,50,90,U.amblyoclada,baja_media,90,90,90,0,0
R6,2_2,10,24,44,U.amblyoclada,baja_media,20,34,20,1,1
R6,2_2,13,44,90,U.amblyoclada,baja_media,90,90,90,0,0
R6,2_2,16,19,39,U.amblyoclada,baja_media,20,23,20,1,1
R6,2_2,21,29,61,U.amblyoclada,baja_media,32,40,32,1,1
R6,2_2,25,36,54,U.amblyoclada,baja_media,18,29,18,1,1
R6,2_2,29,31,49,U.amblyoclada,baja_media,18,20,18,1,1
R6,2_2,63,81,90,U.amblyoclada,baja_media,90,90,90,0,0
R6,2_3,7,9,15,P.reticulatum,baja_media,6,8,6,1,1
R6,2_3,11,17,90,P.reticulatum,baja_media,90,90,90,0,0
R6,2_3,17,35,90,P.reticulatum,baja_media,90,90,90,0,0
R6,2_3,20,26,34,P.reticulatum,baja_media,8,14,8,1,1
R6,2_3,24,27,30,P.reticulatum,baja_media,3,6,3,1,1
R6,2_3,35,36,45,P.reticulatum,baja_media,9,10,9,1,1
R6,2_3,39,49,99,P.reticulatum,baja_media,50,60,50,1,1
R6,2_3,42,52,104,P.reticulatum,baja_media,52,62,52,1,1
R6,2_3,45,55,106,P.reticulatum,baja_media,51,61,51,1,1
R6,2_3,48,49,53,P.reticulatum,baja_media,4,5,4,1,1
R6,2_3,51,61,67,P.reticulatum,baja_media,6,16,6,1,1
R7,1_1,7,8,9,U.amblyoclada,baja_media,1,2,1,1,1
R7,1_1,10,12,32,U.amblyoclada,baja_media,20,22,20,1,1
R7,1_1,14,17,26,U.amblyoclada,baja_media,9,12,9,1,1
R7,1_1,18,22,38,U.amblyoclada,baja_media,16,20,16,1,1
R7,1_1,22,26,31,U.amblyoclada,baja_media,5,9,5,1,1
R7,1_1,25,32,36,U.amblyoclada,baja_media,4,11,4,1,1
R7,1_1,29,30,33,U.amblyoclada,baja_media,3,4,3,1,1
R7,1_1,33,35,44,U.amblyoclada,baja_media,9,11,9,1,1
R7,1_1,63,64,65,U.amblyoclada,baja_media,1,2,1,1,1
R7,1_1,67,70,76,U.amblyoclada,baja_media,6,9,6,1,1
R7,1_1,71,76,81,U.amblyoclada,baja_media,5,10,5,1,1
R7,1_1,74,75,79,U.amblyoclada,baja_media,4,5,4,1,1
R7,1_1,78,81,86,U.amblyoclada,baja_media,5,8,5,1,1
R7,1_1,81,85,91,U.amblyoclada,baja_media,6,10,6,1,1
R7,1_1,84,96,98,U.amblyoclada,baja_media,2,14,2,1,1
R7,1_1,88,91,103,U.amblyoclada,baja_media,12,15,12,1,1
R7,1_2,8,17,20,P.reticulatum,baja_media,3,12,3,1,1
R7,1_2,12,20,92,P.reticulatum,baja_media,72,80,72,1,1
R7,1_2,15,21,29,P.reticulatum,baja_media,8,14,8,1,1
R7,1_2,18,20,24,P.reticulatum,baja_media,4,6,4,1,1
R7,1_2,21,22,26,P.reticulatum,baja_media,4,5,4,1,1
R7,1_2,27,30,35,P.reticulatum,baja_media,5,8,5,1,1
R7,1_2,30,31,33,P.reticulatum,baja_media,2,3,2,1,1
R7,1_2,33,34,37,P.reticulatum,baja_media,3,4,3,1,1
R7,1_2,37,43,47,P.reticulatum,baja_media,4,10,4,1,1
R7,1_2,41,43,48,P.reticulatum,baja_media,5,7,5,1,1
R7,1_2,44,45,47,P.reticulatum,baja_media,2,3,2,1,1
R7,1_2,47,48,49,P.reticulatum,baja_media,1,2,1,1,1
R7,1_2,50,52,59,P.reticulatum,baja_media,7,9,7,1,1
R7,1_2,52,54,63,P.reticulatum,baja_media,9,11,9,1,1
R7,1_2,55,59,64,P.reticulatum,baja_media,5,9,5,1,1
R7,1_2,59,65,67,P.reticulatum,baja_media,2,8,2,1,1
R7,1_3,7,30,33,P.reticulatum,baja_media,3,26,3,1,1
R7,1_3,11,32,35,P.reticulatum,baja_media,3,24,3,1,1
R7,1_3,14,33,36,P.reticulatum,baja_media,3,22,3,1,1
R7,1_3,17,18,19,P.reticulatum,baja_media,1,2,1,1,1
R7,1_3,22,24,27,P.reticulatum,baja_media,3,5,3,1,1
R7,1_3,25,27,29,P.reticulatum,baja_media,2,4,2,1,1
R7,1_3,28,32,35,P.reticulatum,baja_media,3,7,3,1,1
R7,1_3,36,39,42,P.reticulatum,baja_media,3,6,3,1,1
R7,1_3,39,43,48,P.reticulatum,baja_media,5,9,5,1,1
R7,1_3,42,49,56,P.reticulatum,baja_media,7,14,7,1,1
R7,1_3,45,52,54,P.reticulatum,baja_media,2,9,2,1,1
R7,1_3,52,53,54,P.reticulatum,baja_media,1,2,1,1,1
R7,1_3,56,57,58,P.reticulatum,baja_media,1,2,1,1,1
R7,1_3,72,75,79,P.reticulatum,baja_media,4,7,4,1,1
R7,1_3,76,78,85,P.reticulatum,baja_media,7,9,7,1,1
R7,1_3,78,79,80,P.reticulatum,baja_media,1,2,1,1,1
R7,1_3,82,83,86,P.reticulatum,baja_media,3,4,3,1,1
R7,1_3,85,89,93,P.reticulatum,baja_media,4,8,4,1,1
R7,1_3,88,91,97,P.reticulatum,baja_media,6,9,6,1,1
R7,2_3,14,15,16,U.amblyoclada,baja_media,1,2,1,1,1
R7,2_3,16,17,20,U.amblyoclada,baja_media,3,4,3,1,1
R7,2_3,18,19,20,U.amblyoclada,baja_media,1,2,1,1,1
R7,2_3,23,24,30,U.amblyoclada,baja_media,6,7,6,1,1
R7,2_3,26,27,29,U.amblyoclada,baja_media,2,3,2,1,1
R7,2_3,30,31,35,U.amblyoclada,baja_media,4,5,4,1,1
R7,2_3,34,36,43,U.amblyoclada,baja_media,7,9,7,1,1
R7,2_3,37,29,45,U.amblyoclada,baja_media,16,8,16,1,1
R7,2_3,45,50,53,U.amblyoclada,baja_media,3,8,3,1,1
R7,2_3,50,53,55,U.amblyoclada,baja_media,2,5,2,1,1
R7,2_3,71,73,85,U.amblyoclada,baja_media,12,14,12,1,1
R7,2_1,10,17,40,P.reticulatum,baja_media,23,30,23,1,1
R7,2_1,14,16,45,P.reticulatum,baja_media,29,31,29,1,1
R7,2_1,19,45,90,P.reticulatum,baja_media,90,90,90,0,0
R7,2_1,22,25,31,P.reticulatum,baja_media,6,9,6,1,1
R7,2_1,26,45,74,P.reticulatum,baja_media,29,48,29,1,1
R7,2_1,31,41,47,P.reticulatum,baja_media,6,16,6,1,1
R7,2_1,35,37,51,P.reticulatum,baja_media,14,16,14,1,1
R7,2_1,38,42,52,P.reticulatum,baja_media,10,14,10,1,1
R7,2_1,42,44,53,P.reticulatum,baja_media,9,11,9,1,1
R7,2_1,46,47,49,P.reticulatum,baja_media,2,3,2,1,1
R7,2_1,50,81,96,P.reticulatum,baja_media,15,46,15,1,1
R7,2_1,53,90,90,P.reticulatum,baja_media,90,90,90,0,0
R7,2_1,58,62,99,P.reticulatum,baja_media,37,41,37,1,1
R7,2_1,61,67,92,P.reticulatum,baja_media,25,31,25,1,1
R7,2_1,66,67,69,P.reticulatum,baja_media,2,3,2,1,1
R7,2_1,69,75,84,P.reticulatum,baja_media,9,15,9,1,1
R7,2_1,73,74,79,P.reticulatum,baja_media,5,6,5,1,1
R7,2_1,77,79,85,P.reticulatum,baja_media,6,8,6,1,1
R7,2_1,81,92,101,P.reticulatum,baja_media,9,20,9,1,1
R7,2_1,85,87,93,P.reticulatum,baja_media,6,8,6,1,1
R7,2_1,89,95,98,P.reticulatum,baja_media,3,9,3,1,1
R7,2_1,94,101,107,P.reticulatum,baja_media,6,13,6,1,1
R7,2_2,6,8,21,U.amblyoclada,baja_media,13,15,13,1,1
R7,2_2,10,12,22,U.amblyoclada,baja_media,10,12,10,1,1
R7,2_2,15,18,27,U.amblyoclada,baja_media,9,12,9,1,1
R7,2_2,18,22,31,U.amblyoclada,baja_media,9,13,9,1,1
R7,2_2,29,37,47,U.amblyoclada,baja_media,10,18,10,1,1
R7,2_2,34,35,54,U.amblyoclada,baja_media,19,20,19,1,1
R7,2_2,36,38,56,U.amblyoclada,baja_media,18,20,18,1,1
R7,2_2,40,44,75,U.amblyoclada,baja_media,31,35,31,1,1
R7,2_2,44,46,81,U.amblyoclada,baja_media,35,37,35,1,1
R7,2_2,47,51,85,U.amblyoclada,baja_media,34,38,34,1,1
R7,2_2,51,55,101,U.amblyoclada,baja_media,46,50,46,1,1
R7,2_2,56,58,107,U.amblyoclada,baja_media,49,51,49,1,1
R7,2_2,73,75,92,U.amblyoclada,baja_media,17,19,17,1,1
R7,2_2,76,81,95,U.amblyoclada,baja_media,14,19,14,1,1
R8,1_1,6,8,16,U.amblyoclada,baja_media,8,10,8,1,1
R8,1_1,11,12,18,U.amblyoclada,baja_media,6,7,6,1,1
R8,1_1,16,18,22,U.amblyoclada,baja_media,4,6,4,1,1
R8,1_1,23,24,27,U.amblyoclada,baja_media,3,4,3,1,1
R8,1_1,27,28,31,U.amblyoclada,baja_media,3,4,3,1,1
R8,1_1,32,36,42,U.amblyoclada,baja_media,6,10,6,1,1
R8,1_1,36,38,41,U.amblyoclada,baja_media,3,5,3,1,1
R8,1_1,39,40,41,U.amblyoclada,baja_media,1,2,1,1,1
R8,1_1,43,46,52,U.amblyoclada,baja_media,6,9,6,1,1
R8,1_1,48,49,50,U.amblyoclada,baja_media,1,2,1,1,1
R8,1_1,55,56,58,U.amblyoclada,baja_media,2,3,2,1,1
R8,1_1,63,64,66,U.amblyoclada,baja_media,2,3,2,1,1
R8,1_1,66,67,67,U.amblyoclada,baja_media,0,1,0,1,1
R8,1_1,70,71,72,U.amblyoclada,baja_media,1,2,1,1,1
R8,1_1,79,80,85,U.amblyoclada,baja_media,5,6,5,1,1
R8,2_1,7,13,18,P.reticulatum,baja_media,5,11,5,1,1
R8,2_1,10,13,90,P.reticulatum,baja_media,90,90,90,0,0
R8,2_1,14,16,36,P.reticulatum,baja_media,20,22,20,1,1
R8,2_1,18,19,89,P.reticulatum,baja_media,70,71,70,1,1
R8,2_1,32,90,90,P.reticulatum,baja_media,90,90,90,0,0
R8,2_1,40,41,80,P.reticulatum,baja_media,39,40,39,1,1
R8,2_1,51,90,90,P.reticulatum,baja_media,90,90,90,0,0
R8,2_1,64,74,90,P.reticulatum,baja_media,90,90,90,0,0
R8,1_3,6,6,6,U.amblyoclada,baja_media,0,0,0,1,1
R8,1_3,11,15,26,U.amblyoclada,baja_media,11,15,11,1,1
R8,1_3,15,24,29,U.amblyoclada,baja_media,5,14,5,1,1
R8,1_3,18,20,30,U.amblyoclada,baja_media,10,12,10,1,1
R8,1_3,21,25,50,U.amblyoclada,baja_media,25,29,25,1,1
R8,1_3,25,33,67,U.amblyoclada,baja_media,34,42,34,1,1
R8,1_3,29,43,78,U.amblyoclada,baja_media,35,49,35,1,1
R8,1_3,31,32,39,U.amblyoclada,baja_media,7,8,7,1,1
R8,1_3,36,40,127,U.amblyoclada,baja_media,90,90,90,0,0
R8,1_3,39,47,118,U.amblyoclada,baja_media,71,79,71,1,1
R8,1_3,42,43,49,U.amblyoclada,baja_media,6,7,6,1,1
R8,1_3,46,47,90,U.amblyoclada,baja_media,90,90,90,0,0
R8,1_3,55,57,64,U.amblyoclada,baja_media,7,9,7,1,1
R8,2_3,6,7,49,P.reticulatum,baja_media,42,43,42,1,1
R8,2_3,10,12,51,P.reticulatum,baja_media,39,41,39,1,1
R8,2_3,33,36,96,P.reticulatum,baja_media,60,63,60,1,1
R8,2_3,35,64,123,P.reticulatum,baja_media,59,88,59,1,1
R8,2_3,41,90,90,P.reticulatum,baja_media,90,90,90,0,0
R9,1_1,8,11,45,P.reticulatum,baja_media,34,37,34,1,1
R9,1_1,12,16,37,P.reticulatum,baja_media,21,25,21,1,1
R9,1_1,20,22,43,P.reticulatum,baja_media,21,23,21,1,1
R9,1_1,23,90,126,P.reticulatum,baja_media,90,90,90,0,0
R9,1_1,29,31,39,P.reticulatum,baja_media,8,10,8,1,1
R9,1_1,37,90,90,P.reticulatum,baja_media,90,90,90,0,0
R9,1_1,41,48,82,P.reticulatum,baja_media,34,41,34,1,1
R9,1_1,58,80,90,P.reticulatum,baja_media,90,90,90,0,0
R9,1_1,73,79,93,P.reticulatum,baja_media,14,20,14,1,1
R9,1_1,7,9,23,U.amblyoclada,baja_media,14,16,14,1,1
R9,1_1,11,20,37,U.amblyoclada,baja_media,17,26,17,1,1
R9,1_1,30,36,90,U.amblyoclada,baja_media,90,90,90,0,0
R9,1_1,42,46,78,U.amblyoclada,baja_media,32,36,32,1,1
R9,1_3,5,25,36,P.reticulatum,baja_media,11,31,11,1,1
R9,1_3,8,31,40,P.reticulatum,baja_media,9,32,9,1,1
R9,1_3,11,19,23,P.reticulatum,baja_media,4,12,4,1,1
R9,1_3,15,31,41,P.reticulatum,baja_media,10,26,10,1,1
R9,1_3,29,30,31,P.reticulatum,baja_media,1,2,1,1,1
R9,1_3,33,35,42,P.reticulatum,baja_media,7,9,7,1,1
R9,1_3,36,36,41,P.reticulatum,baja_media,5,5,5,1,1
R9,1_3,39,39,42,P.reticulatum,baja_media,3,3,3,1,1
R9,1_3,73,74,125,P.reticulatum,baja_media,51,52,51,1,1
R9,2_1,9,14,90,P.reticulatum,baja_media,90,90,90,0,0
R9,2_1,13,21,48,P.reticulatum,baja_media,27,35,27,1,1
R9,2_1,26,29,37,P.reticulatum,baja_media,8,11,8,1,1
R9,2_1,30,90,90,P.reticulatum,baja_media,90,90,90,0,0
R9,2_1,33,87,124,P.reticulatum,baja_media,37,90,37,1,1
R9,2_1,40,44,113,P.reticulatum,baja_media,69,73,69,1,1
R9,2_2,6,10,28,U.amblyoclada,baja_media,18,22,18,1,1
R9,2_2,16,20,90,U.amblyoclada,baja_media,90,90,90,0,0
R9,2_2,19,23,90,U.amblyoclada,baja_media,90,90,90,0,0
R10,1_1,8,11,80,U.amblyoclada,baja_media,69,72,69,1,1
R10,1_1,13,15,46,U.amblyoclada,baja_media,31,33,31,1,1
R10,1_1,16,18,41,U.amblyoclada,baja_media,23,25,23,1,1
R10,1_1,21,25,38,U.amblyoclada,baja_media,13,17,13,1,1
R10,1_1,26,28,81,U.amblyoclada,baja_media,53,55,53,1,1
R10,1_1,30,31,59,U.amblyoclada,baja_media,28,29,28,1,1
R10,1_1,47,48,82,U.amblyoclada,baja_media,34,35,34,1,1
R10,1_1,58,85,90,U.amblyoclada,baja_media,90,90,90,0,0
R10,2_1,7,27,82,P.reticulatum,baja_media,55,75,55,1,1
R10,2_1,16,90,90,P.reticulatum,baja_media,90,90,90,0,0
R10,2_1,20,47,90,P.reticulatum,baja_media,90,90,90,0,0
R10,2_1,35,90,90,P.reticulatum,baja_media,90,90,90,0,0
R10,2_1,39,55,90,P.reticulatum,baja_media,90,90,90,0,0
R10,2_1,43,47,89,P.reticulatum,baja_media,42,46,42,1,1
R10,2_1,61,90,90,P.reticulatum,baja_media,90,90,90,0,0
R10,2_1,68,90,90,P.reticulatum,baja_media,0,22,0,1,1
R10,2_1,87,90,90,P.reticulatum,baja_media,90,90,90,0,0
R10,1_2,7,8,28,P.reticulatum,baja_media,20,21,20,1,1
R10,1_2,11,38,60,P.reticulatum,baja_media,22,49,22,1,1
R10,1_2,15,16,36,P.reticulatum,baja_media,20,21,20,1,1
R10,1_2,22,42,142,P.reticulatum,baja_media,90,90,90,1,0
R10,1_2,26,33,90,P.reticulatum,baja_media,90,90,90,0,0
R10,1_2,30,90,90,P.reticulatum,baja_media,90,90,90,0,0
R10,1_2,42,90,90,P.reticulatum,baja_media,90,90,90,0,0
R10,2_2,17,22,41,U.amblyoclada,baja_media,19,24,19,1,1
R10,2_2,20,23,60,U.amblyoclada,baja_media,37,40,37,1,1
R10,2_2,25,34,92,U.amblyoclada,baja_media,58,67,58,1,1
R10,2_2,33,35,91,U.amblyoclada,baja_media,56,58,56,1,1
R10,2_2,38,41,108,U.amblyoclada,baja_media,67,70,67,1,1
R10,2_2,42,43,58,U.amblyoclada,baja_media,15,16,15,1,1
R10,2_2,46,47,58,U.amblyoclada,baja_media,11,12,11,1,1
R10,2_2,55,59,79,U.amblyoclada,baja_media,20,24,20,1,1
R10,1_3,39,42,92,U.amblyoclada,baja_media,50,53,50,1,1
R10,1_3,46,47,103,U.amblyoclada,baja_media,56,57,56,1,1
R10,1_3,50,52,61,U.amblyoclada,baja_media,9,11,9,1,1
R10,1_3,55,62,105,U.amblyoclada,baja_media,43,50,43,1,1
R10,1_3,59,61,79,U.amblyoclada,baja_media,18,20,18,1,1
R10,1_3,69,75,137,U.amblyoclada,baja_media,62,68,62,1,1
R10,1_3,75,77,98,U.amblyoclada,baja_media,21,23,21,1,1
R10,2_3,6,7,11,P.reticulatum,baja_media,4,5,4,1,1
R10,2_3,10,15,32,P.reticulatum,baja_media,17,22,17,1,1
R10,2_3,15,16,50,P.reticulatum,baja_media,34,35,34,1,1
R10,2_3,19,26,87,P.reticulatum,baja_media,61,68,61,1,1
R10,2_3,23,51,148,P.reticulatum,baja_media,90,90,90,1,0
R11,1_1,19,21,48,U.amblyoclada,control_sur,27,29,27,1,1
R11,1_1,24,26,53,U.amblyoclada,control_sur,27,29,27,1,1
R11,1_1,28,34,105,U.amblyoclada,control_sur,71,77,71,1,1
R11,1_1,32,33,39,U.amblyoclada,control_sur,6,7,6,1,1
R11,1_1,36,39,94,U.amblyoclada,control_sur,55,58,55,1,1
R11,1_1,44,45,52,U.amblyoclada,control_sur,7,8,7,1,1
R11,1_1,48,50,74,U.amblyoclada,control_sur,24,26,24,1,1
R11,1_1,63,64,68,U.amblyoclada,control_sur,4,5,4,1,1
R11,1_1,73,73,82,U.amblyoclada,control_sur,9,9,9,1,1
R11,1_1,77,78,140,U.amblyoclada,control_sur,62,63,62,1,1
R11,1_1,97,136,222,U.amblyoclada,control_sur,86,90,86,1,1
R11,2_2,6,94,149,P.reticulatum,control_sur,55,90,55,1,1
R11,2_2,11,90,90,P.reticulatum,control_sur,90,90,90,0,0
R11,2_2,28,33,90,P.reticulatum,control_sur,90,90,90,0,0
R11,2_2,32,33,36,P.reticulatum,control_sur,3,4,3,1,1
R11,2_2,36,39,57,P.reticulatum,control_sur,18,21,18,1,1
R11,2_2,48,53,95,P.reticulatum,control_sur,42,47,42,1,1
R11,2_2,62,65,134,P.reticulatum,control_sur,69,72,69,1,1
R11,1_2,8,18,97,U.amblyoclada,control_sur,79,89,79,1,1
R11,1_2,17,17,18,U.amblyoclada,control_sur,1,1,1,1,1
R11,1_2,37,37,38,U.amblyoclada,control_sur,1,1,1,1,1
R11,1_2,50,54,100,U.amblyoclada,control_sur,46,50,46,1,1
R11,1_2,58,62,81,U.amblyoclada,control_sur,19,23,19,1,1
R11,1_2,62,63,71,U.amblyoclada,control_sur,8,9,8,1,1
R11,1_2,68,71,79,U.amblyoclada,control_sur,8,11,8,1,1
R11,1_2,72,75,90,U.amblyoclada,control_sur,15,18,15,1,1
R11,1_3,5,8,29,P.reticulatum,control_sur,21,24,21,1,1
R11,1_3,10,13,90,P.reticulatum,control_sur,90,90,90,0,0
R11,1_3,14,28,90,P.reticulatum,control_sur,90,90,90,0,0
R11,1_3,19,21,29,P.reticulatum,control_sur,8,10,8,1,1
R11,1_3,22,90,90,P.reticulatum,control_sur,90,90,90,0,0
R11,1_3,27,36,90,P.reticulatum,control_sur,90,90,90,0,0
R11,1_3,38,42,105,P.reticulatum,sur_norte,63,67,63,1,1
R11N,2_3,6,7,27,U.amblyoclada,sur_norte,20,21,20,1,1
R11N,2_3,17,19,49,U.amblyoclada,sur_norte,30,32,30,1,1
R11N,2_3,55,57,77,U.amblyoclada,sur_norte,20,22,20,1,1
R11N,2_3,60,62,70,U.amblyoclada,sur_norte,8,10,8,1,1
R11N,2_3,64,66,157,U.amblyoclada,sur_norte,90,90,90,1,0
R11N,2_3,68,69,101,U.amblyoclada,sur_norte,32,33,32,1,1
R12,1_1,6,8,76,U.amblyoclada,control_norte,68,70,68,1,1
R12,1_1,20,26,122,U.amblyoclada,control_norte,90,90,90,1,0
R12,1_1,23,41,106,U.amblyoclada,control_norte,65,83,65,1,1
R12,1_1,26,29,39,U.amblyoclada,control_norte,10,13,10,1,1
R12,1_1,30,35,70,U.amblyoclada,control_norte,35,40,35,1,1
R12,1_1,33,36,51,U.amblyoclada,control_norte,15,18,15,1,1
R12,1_1,37,38,65,U.amblyoclada,control_norte,27,28,27,1,1
R12,1_1,65,66,75,U.amblyoclada,control_norte,9,10,9,1,1
R12,1_2,6,8,23,U.amblyoclada,control_norte,15,17,15,1,1
R12,1_2,14,17,34,U.amblyoclada,control_norte,17,20,17,1,1
R12,1_2,17,21,53,U.amblyoclada,control_norte,32,36,32,1,1
R12,1_2,24,29,67,U.amblyoclada,control_norte,38,43,38,1,1
R12,1_2,29,34,60,U.amblyoclada,control_norte,26,31,26,1,1
R12,1_2,47,48,73,U.amblyoclada,control_norte,25,26,25,1,1
R12,1_2,58,59,66,U.amblyoclada,control_norte,7,8,7,1,1
R12,1_2,69,77,104,U.amblyoclada,control_norte,27,35,27,1,1
R12,1_3,104,90,90,P.reticulatum,control_norte,90,90,90,0,0
R12,1_3,95,98,111,P.reticulatum,control_norte,13,16,13,1,1
R12,1_3,112,90,90,P.reticulatum,control_norte,90,90,90,0,0
R12,1_3,116,90,90,P.reticulatum,control_norte,90,90,90,0,0
R12,1_3,123,90,90,P.reticulatum,control_norte,90,90,90,0,0
R12,1_3,128,132,157,P.reticulatum,control_norte,25,29,25,1,1
R12,2_2,7,9,48,U.amblyoclada,control_norte,39,41,39,1,1
R12,2_2,19,22,94,U.amblyoclada,control_norte,72,75,72,1,1
R12,2_2,22,30,40,U.amblyoclada,control_norte,10,18,10,1,1
R12,2_2,30,32,45,U.amblyoclada,control_norte,13,15,13,1,1
R12,2_2,36,39,61,U.amblyoclada,control_norte,22,25,22,1,1
R12,2_2,53,60,141,U.amblyoclada,control_norte,81,88,81,1,1
R13,1_1,17,18,29,U.amblyoclada,norte_sur,11,12,11,1,1
R13,1_1,42,44,50,U.amblyoclada,norte_sur,6,8,6,1,1
R13,1_1,46,48,60,U.amblyoclada,norte_sur,12,14,12,1,1
R13,1_1,50,52,66,U.amblyoclada,norte_sur,14,16,14,1,1
R13,1_1,54,55,76,U.amblyoclada,norte_sur,21,22,21,1,1
R13,2_1,5,9,31,P.reticulatum,norte_sur,22,26,22,1,1
R13,2_1,10,13,90,P.reticulatum,norte_sur,90,90,90,0,0
R13,2_1,16,17,19,P.reticulatum,norte_sur,2,3,2,1,1
R13,2_1,20,90,90,P.reticulatum,norte_sur,90,90,90,0,0
R13,2_1,24,26,29,P.reticulatum,norte_sur,3,5,3,1,1
R13,2_1,52,58,62,P.reticulatum,norte_sur,4,10,4,1,1
R13,1_2,7,8,118,U.amblyoclada,norte_sur,90,90,90,1,0
R13,1_2,15,90,90,U.amblyoclada,norte_sur,90,90,90,0,0
R13,1_2,18,26,58,U.amblyoclada,norte_sur,32,40,32,1,1
R13,1_2,29,39,89,U.amblyoclada,norte_sur,50,60,50,1,1
R13,1_2,36,90,90,U.amblyoclada,norte_sur,90,90,90,0,0
R13,1_2,87,90,90,U.amblyoclada,norte_sur,90,90,90,0,0
R13,2_2,12,13,19,P.reticulatum,norte_sur,6,7,6,1,1
R13,2_2,18,19,21,P.reticulatum,norte_sur,2,3,2,1,1
R13,2_2,33,39,42,P.reticulatum,norte_sur,3,9,3,1,1
R13,2_2,36,74,75,P.reticulatum,norte_sur,1,39,1,1,1
R13,2_2,39,41,42,P.reticulatum,norte_sur,1,3,1,1,1
R13,2_2,40,42,43,P.reticulatum,norte_sur,1,3,1,1,1
R13,2_2,43,51,54,P.reticulatum,norte_sur,3,11,3,1,1
R13,2_2,57,60,98,P.reticulatum,norte_sur,38,41,38,1,1
R13,2_2,75,80,84,P.reticulatum,norte_sur,4,9,4,1,1
R13,2_2,78,80,82,P.reticulatum,norte_sur,2,4,2,1,1
R13,2_2,114,115,155,P.reticulatum,norte_sur,40,41,40,1,1
R13,1_3,20,34,107,U.amblyoclada,norte_sur,73,87,73,1,1
R13,1_3,26,29,74,U.amblyoclada,norte_sur,45,48,45,1,1
R13,1_3,29,31,60,U.amblyoclada,norte_sur,29,31,29,1,1
R13,1_3,32,34,55,U.amblyoclada,norte_sur,21,23,21,1,1
R13,1_3,36,38,94,U.amblyoclada,norte_sur,56,58,56,1,1
R13,2_3,6,7,21,P.reticulatum,norte_sur,14,15,14,1,1
R13,2_3,10,12,22,P.reticulatum,norte_sur,10,12,10,1,1
R13,2_3,14,15,16,P.reticulatum,norte_sur,1,2,1,1,1
R13,2_3,17,19,29,P.reticulatum,norte_sur,10,12,10,1,1
R13,2_3,24,26,34,P.reticulatum,norte_sur,8,10,8,1,1
R13,2_3,28,28,32,P.reticulatum,norte_sur,4,4,4,1,1
R13,2_3,31,90,90,P.reticulatum,norte_sur,90,90,90,0,0
R13,2_3,48,59,90,P.reticulatum,norte_sur,90,90,90,0,0
R14,1_1,8,9,28,P.reticulatum,control_sur,19,20,19,1,1
R14,1_1,13,14,75,P.reticulatum,control_sur,61,62,61,1,1
R14,1_1,18,19,34,P.reticulatum,control_sur,15,16,15,1,1
R14,1_1,28,29,47,P.reticulatum,control_sur,18,19,18,1,1
R14,1_1,39,57,90,P.reticulatum,control_sur,90,90,90,0,0
R14,1_1,43,46,86,P.reticulatum,control_sur,40,43,40,1,1
R14,2_1,5,6,22,U.amblyoclada,control_sur,16,17,16,1,1
R14,2_1,9,10,20,U.amblyoclada,control_sur,10,11,10,1,1
R14,2_1,12,22,38,U.amblyoclada,control_sur,16,26,16,1,1
R14,2_1,33,61,66,U.amblyoclada,control_sur,5,33,5,1,1
R14,2_1,37,61,67,U.amblyoclada,control_sur,6,30,6,1,1
R14,1_3,8,16,24,U.amblyoclada,control_sur,8,16,8,1,1
R14,1_3,12,14,24,U.amblyoclada,control_sur,10,12,10,1,1
R14,1_3,15,17,26,U.amblyoclada,control_sur,9,11,9,1,1
R14,1_3,28,29,37,U.amblyoclada,control_sur,8,9,8,1,1
R14,1_3,31,42,90,U.amblyoclada,control_sur,90,90,90,0,0
R14,1_3,55,58,105,U.amblyoclada,control_sur,47,50,47,1,1
R14,2_3,8,9,71,P.reticulatum,control_sur,62,63,62,1,1
R14,2_3,35,37,71,P.reticulatum,control_sur,34,36,34,1,1
R14,2_3,39,43,58,P.reticulatum,control_sur,15,19,15,1,1
R14,2_3,48,49,67,P.reticulatum,control_sur,18,19,18,1,1
R14,2_3,72,74,78,P.reticulatum,control_sur,4,6,4,1,1
R14,2_3,76,77,82,P.reticulatum,control_sur,5,6,5,1,1
R14U,1_2,8,72,90,U.amblyoclada,control_sur,90,90,90,0,0
R14U,1_2,13,41,131,U.amblyoclada,control_sur,90,90,90,1,0
R14U,1_2,17,20,28,U.amblyoclada,control_sur,8,11,8,1,1
R14U,1_2,26,31,72,U.amblyoclada,control_sur,41,46,41,1,1
R14U,1_2,30,32,38,U.amblyoclada,control_sur,6,8,6,1,1
R14U,1_2,33,35,52,U.amblyoclada,control_sur,17,19,17,1,1
R14U,1_2,45,48,89,U.amblyoclada,control_sur,41,44,41,1,1
R14U,1_2,57,59,89,U.amblyoclada,control_sur,30,32,30,1,1
R14U,1_2,91,95,103,U.amblyoclada,control_sur,8,12,8,1,1
R14U,1_2,94,99,128,U.amblyoclada,control_sur,29,34,29,1,1
R14U,1_2,98,99,105,U.amblyoclada,control_sur,6,7,6,1,1
R14U,1_2,101,102,105,U.amblyoclada,control_sur,3,4,3,1,1
R14P,2_2,15,16,18,P.reticulatum,control_sur,2,3,2,1,1
R14P,2_2,23,29,56,P.reticulatum,control_sur,27,33,27,1,1
R14P,2_2,37,38,40,P.reticulatum,control_sur,2,3,2,1,1
R14P,2_2,44,45,50,P.reticulatum,control_sur,5,6,5,1,1
R14P,2_2,55,57,61,P.reticulatum,control_sur,4,6,4,1,1
R14P,2_2,62,63,66,P.reticulatum,control_sur,3,4,3,1,1
R14P,2_2,82,126,131,P.reticulatum,control_sur,5,49,5,1,1
R15,1_1,7,14,90,U.amblyoclada,sur_norte,90,90,90,0,0
R15,1_1,14,15,82,U.amblyoclada,sur_norte,67,68,67,1,1
R15,1_1,22,29,100,U.amblyoclada,sur_norte,71,78,71,1,1
R15,1_1,40,45,55,U.amblyoclada,sur_norte,10,15,10,1,1
R15,1_1,45,47,53,U.amblyoclada,sur_norte,6,8,6,1,1
R15,1_1,71,72,77,U.amblyoclada,sur_norte,5,6,5,1,1
R15,1_2,6,8,52,P.reticulatum,sur_norte,44,46,44,1,1
R15,1_2,11,18,44,P.reticulatum,sur_norte,26,33,26,1,1
R15,1_2,21,24,55,P.reticulatum,sur_norte,31,34,31,1,1
R15,1_2,26,28,31,P.reticulatum,sur_norte,3,5,3,1,1
R15,1_2,46,47,49,P.reticulatum,sur_norte,2,3,2,1,1
R15,1_2,55,56,81,P.reticulatum,sur_norte,25,26,25,1,1
R15,2_2,8,90,90,P.reticulatum,sur_norte,90,90,90,0,0
R15,2_2,16,19,25,P.reticulatum,sur_norte,6,9,6,1,1
R15,2_2,20,21,78,P.reticulatum,sur_norte,57,58,57,1,1
R15,2_2,25,26,40,P.reticulatum,sur_norte,14,15,14,1,1
R15,2_2,35,45,58,P.reticulatum,sur_norte,13,23,13,1,1
R15,2_2,66,67,88,P.reticulatum,sur_norte,21,22,21,1,1
R15,2_3,8,10,17,U.amblyoclada,sur_norte,7,9,7,1,1
R15,2_3,16,18,62,U.amblyoclada,sur_norte,44,46,44,1,1
R15,2_3,19,20,24,U.amblyoclada,sur_norte,4,5,4,1,1
R15,2_3,23,24,27,U.amblyoclada,sur_norte,3,4,3,1,1
R15,2_3,26,27,36,U.amblyoclada,sur_norte,9,10,9,1,1
R15,2_3,30,31,40,U.amblyoclada,sur_norte,9,10,9,1,1
R15,2_3,41,42,54,U.amblyoclada,sur_norte,12,13,12,1,1
R15,2_3,56,57,63,U.amblyoclada,sur_norte,6,7,6,1,1
R16,1_2,13,14,23,U.amblyoclada,sur_norte,9,10,9,1,1
R16,1_2,16,18,26,U.amblyoclada,control_norte,8,10,8,1,1
R16,1_2,20,47,120,U.amblyoclada,control_norte,73,90,73,1,1
R16,1_2,25,26,39,U.amblyoclada,control_norte,13,14,13,1,1
R16,1_2,29,30,41,U.amblyoclada,control_norte,11,12,11,1,1
R16,1_2,56,56,57,U.amblyoclada,control_norte,1,1,1,1,1
R16,1_2,60,61,71,U.amblyoclada,control_norte,10,11,10,1,1
R16,1_2,64,64,75,U.amblyoclada,control_norte,11,11,11,1,1
R16,1_2,76,76,82,U.amblyoclada,control_norte,6,6,6,1,1
R16,2_2,11,12,14,P.reticulatum,control_norte,2,3,2,1,1
R16,2_2,15,16,63,P.reticulatum,control_norte,47,48,47,1,1
R16,2_2,28,30,42,P.reticulatum,control_norte,12,14,12,1,1
R16,2_2,32,35,49,P.reticulatum,control_norte,14,17,14,1,1
R16,2_2,44,45,75,P.reticulatum,control_norte,30,31,30,1,1
R16,2_2,53,55,115,P.reticulatum,control_norte,60,62,60,1,1
R16,2_2,56,57,74,P.reticulatum,control_norte,17,18,17,1,1
R16,1_3,5,7,16,U.amblyoclada,control_norte,9,11,9,1,1
R16,1_3,10,13,64,U.amblyoclada,control_norte,51,54,51,1,1
R16,1_3,17,18,22,U.amblyoclada,control_norte,4,5,4,1,1
R16,1_3,28,31,35,U.amblyoclada,control_norte,4,7,4,1,1
R16,1_3,36,37,42,U.amblyoclada,control_norte,5,6,5,1,1
R16,1_3,48,49,60,U.amblyoclada,control_norte,11,12,11,1,1
R16,1_3,67,74,79,U.amblyoclada,control_norte,5,12,5,1,1
R16,1_3,71,74,78,U.amblyoclada,control_norte,4,7,4,1,1
R16,2_1,16,17,20,U.amblyoclada,control_norte,3,4,3,1,1
R16,2_1,21,21,24,U.amblyoclada,control_norte,3,3,3,1,1
R16,2_1,30,31,35,U.amblyoclada,control_norte,4,5,4,1,1
R16,2_1,87,96,120,U.amblyoclada,control_norte,24,33,24,1,1
R16,2_1,94,97,106,U.amblyoclada,control_norte,9,12,9,1,1
R16,2_1,101,109,113,U.amblyoclada,control_norte,4,12,4,1,1
R16,2_1,113,119,152,U.amblyoclada,control_norte,33,39,33,1,1
R17,1_1,10,14,19,U.amblyoclada,control_sur,5,9,5,1,1
R17,1_1,27,28,39,U.amblyoclada,control_sur,11,12,11,1,1
R17,1_1,44,62,105,U.amblyoclada,control_sur,43,61,43,1,1
R17,1_1,55,57,92,U.amblyoclada,control_sur,35,37,35,1,1
R17,1_1,84,90,90,U.amblyoclada,control_sur,90,90,90,0,0
R17,1_1,139,141,193,U.amblyoclada,control_sur,52,54,52,1,1
R17,2_1,5,10,90,P.reticulatum,control_sur,90,90,90,0,0
R17,2_1,10,12,51,P.reticulatum,control_sur,39,41,39,1,1
R17,2_1,15,16,51,P.reticulatum,control_sur,35,36,35,1,1
R17,2_1,25,28,73,P.reticulatum,control_sur,45,48,45,1,1
R17,2_1,39,55,105,P.reticulatum,control_sur,50,66,50,1,1
R17,2_1,44,47,82,P.reticulatum,control_sur,35,38,35,1,1
R17,2_1,64,65,124,P.reticulatum,control_sur,59,60,59,1,1
R17,2_1,94,95,108,P.reticulatum,control_sur,13,14,13,1,1
R17,1_2,6,7,67,P.reticulatum,control_sur,60,61,60,1,1
R17,1_2,9,11,16,P.reticulatum,control_sur,5,7,5,1,1
R17,1_2,13,33,83,P.reticulatum,control_sur,50,70,50,1,1
R17,1_2,21,22,31,P.reticulatum,control_sur,9,10,9,1,1
R17,1_2,24,25,28,P.reticulatum,control_sur,3,4,3,1,1
R17,1_2,32,33,43,P.reticulatum,control_sur,10,11,10,1,1
R17,1_2,43,44,50,P.reticulatum,control_sur,6,7,6,1,1
R17,1_2,84,96,112,P.reticulatum,control_sur,16,28,16,1,1
R17,2_2,5,7,24,U.amblyoclada,control_sur,17,19,17,1,1
R17,2_2,10,12,34,U.amblyoclada,control_sur,22,24,22,1,1
R17,2_2,13,15,48,U.amblyoclada,control_sur,33,35,33,1,1
R17,2_2,22,22,51,U.amblyoclada,control_sur,29,29,29,1,1
R17,2_2,25,28,37,U.amblyoclada,control_sur,9,12,9,1,1
R17,2_2,30,36,90,U.amblyoclada,control_sur,54,60,54,1,1
R17,2_2,49,50,73,U.amblyoclada,control_sur,23,24,23,1,1
R17,1_3,6,7,12,P.reticulatum,control_sur,5,6,5,1,1
R17,1_3,14,15,23,P.reticulatum,control_sur,8,9,8,1,1
R17,1_3,17,20,34,P.reticulatum,control_sur,14,17,14,1,1
R17,1_3,29,30,32,P.reticulatum,control_sur,2,3,2,1,1
R17,1_3,38,39,51,P.reticulatum,control_sur,12,13,12,1,1
R17,2_3,13,16,28,U.amblyoclada,control_sur,12,15,12,1,1
R17,2_3,16,18,32,U.amblyoclada,control_sur,14,16,14,1,1
R17,2_3,20,24,90,U.amblyoclada,control_sur,90,90,90,0,0
R17,2_3,26,57,90,U.amblyoclada,control_sur,90,90,90,0,0
R17,2_3,30,31,35,U.amblyoclada,control_sur,4,5,4,1,1
R18,1_1,7,12,97,U.amblyoclada,norte_sur,85,90,85,1,1
R18,1_1,11,12,22,U.amblyoclada,norte_sur,10,11,10,1,1
R18,1_1,14,86,126,U.amblyoclada,norte_sur,40,90,40,1,1
R18,1_1,18,20,29,U.amblyoclada,norte_sur,9,11,9,1,1
R18,1_1,57,59,70,U.amblyoclada,norte_sur,11,13,11,1,1
R18,1_1,61,90,90,U.amblyoclada,norte_sur,90,90,90,0,0
R18,1_2,13,36,59,U.amblyoclada,norte_sur,23,46,23,1,1
R18,1_2,24,37,105,U.amblyoclada,norte_sur,68,81,68,1,1
R18,1_2,46,49,94,U.amblyoclada,norte_sur,45,48,45,1,1
R18,1_2,64,69,82,U.amblyoclada,norte_sur,13,18,13,1,1
R18,1_2,84,90,115,U.amblyoclada,norte_sur,25,31,25,1,1
R18,1_3,4,11,20,P.reticulatum,norte_sur,9,16,9,1,1
R18,1_3,9,10,15,P.reticulatum,norte_sur,5,6,5,1,1
R18,1_3,15,24,52,P.reticulatum,norte_sur,28,37,28,1,1
R18,1_3,19,90,90,P.reticulatum,norte_sur,90,90,90,0,0
R18,1_3,82,84,141,P.reticulatum,norte_sur,57,59,57,1,1
R18,2_1(_1) y 2_2,6,18,90,P.reticulatum,norte_sur,90,90,90,0,0
R18,2_1(_1) y 2_2,45,68,90,P.reticulatum,norte_sur,22,45,22,1,1
R18,2_1(_1) y 2_2,65,68,75,P.reticulatum,norte_sur,7,10,7,1,1
R18,2_1(_1) y 2_2,69,71,78,P.reticulatum,norte_sur,7,9,7,1,1
R18,2_1(_1) y 2_2,72,73,86,P.reticulatum,norte_sur,13,14,13,1,1
R18,2_1(_1) y 2_2,76,78,84,P.reticulatum,norte_sur,6,8,6,1,1
R18,2_3,14,12,33,U.amblyoclada,norte_sur,21,19,21,1,1
R18,2_3,31,34,43,U.amblyoclada,norte_sur,9,12,9,1,1
R18,2_3,44,45,47,U.amblyoclada,norte_sur,2,3,2,1,1
R18,2_3,49,51,62,U.amblyoclada,norte_sur,11,13,11,1,1
R18,2_3,51,55,70,U.amblyoclada,norte_sur,15,19,15,1,1
R19,1_1,5,6,62,U.amblyoclada,sur_norte,56,57,56,1,1
R19,1_1,38,39,46,U.amblyoclada,sur_norte,7,8,7,1,1
R19,1_1,40,41,48,U.amblyoclada,sur_norte,7,8,7,1,1
R19,1_1,58,60,72,U.amblyoclada,sur_norte,12,14,12,1,1
R19,1_1,72,73,85,U.amblyoclada,sur_norte,12,13,12,1,1
R19,1_3,6,7,15,U.amblyoclada,sur_norte,8,9,8,1,1
R19,1_3,18,18,19,U.amblyoclada,sur_norte,1,1,1,1,1
R19,1_3,22,23,29,U.amblyoclada,sur_norte,6,7,6,1,1
R19,1_3,34,35,36,U.amblyoclada,sur_norte,1,2,1,1,1
R19,1_3,25,26,28,U.amblyoclada,sur_norte,2,3,2,1,1
R19,2_2,48,49,55,P.reticulatum,sur_norte,6,7,6,1,1
R19,2_2,51,70,106,P.reticulatum,sur_norte,36,55,36,1,1
R19,2_2,55,61,71,P.reticulatum,sur_norte,10,16,10,1,1
R19,2_2,58,60,78,P.reticulatum,sur_norte,18,20,18,1,1
R19,2_2,62,71,97,P.reticulatum,sur_norte,26,35,26,1,1
R19,2_1,8,10,14,U.amblyoclada,sur_norte,4,6,4,1,1
R19,2_1,14,18,37,U.amblyoclada,sur_norte,19,23,19,1,1
R19,2_1,18,19,27,U.amblyoclada,sur_norte,8,9,8,1,1
R19,2_1,22,23,41,U.amblyoclada,sur_norte,18,19,18,1,1
R19,2_1,69,90,90,U.amblyoclada,sur_norte,90,90,90,0,0
R20,1_2,8,10,25,U.amblyoclada,control_norte,15,17,15,1,1
R20,1_2,13,14,16,U.amblyoclada,control_norte,2,3,2,1,1
R20,1_2,16,20,42,U.amblyoclada,control_norte,22,26,22,1,1
R20,1_2,24,33,39,U.amblyoclada,control_norte,6,15,6,1,1
R20,1_2,54,55,90,U.amblyoclada,control_norte,35,36,35,1,1
R20,2_2,6,7,12,U.amblyoclada,control_norte,5,6,5,1,1
R20,2_2,10,12,22,U.amblyoclada,control_norte,10,12,10,1,1
R20,2_2,13,14,18,U.amblyoclada,control_norte,4,5,4,1,1
R20,2_2,17,18,21,U.amblyoclada,control_norte,3,4,3,1,1
R20,2_2,21,23,34,U.amblyoclada,control_norte,11,13,11,1,1
R20,2_2,32,35,61,U.amblyoclada,control_norte,26,29,26,1,1
R20,1_1,7,9,11,U.amblyoclada,control_norte,2,4,2,1,1
R20,1_1,12,12,23,U.amblyoclada,control_norte,11,11,11,1,1
R20,1_1,21,23,62,U.amblyoclada,control_norte,39,41,39,1,1
R20,1_1,26,27,42,U.amblyoclada,control_norte,15,16,15,1,1
R20,1_1,30,34,50,U.amblyoclada,control_norte,16,20,16,1,1
R20,1_1,36,37,42,U.amblyoclada,control_norte,5,6,5,1,1
R20,1_1,40,47,69,U.amblyoclada,control_norte,22,29,22,1,1
R20,1_1,44,46,61,U.amblyoclada,control_norte,15,17,15,1,1
R20,RP,12,35,101,P.reticulatum,control_norte,66,89,66,1,1
R20,RP,17,19,74,P.reticulatum,control_norte,55,57,55,1,1
R20,RP,22,24,90,P.reticulatum,control_norte,90,90,90,0,0
R20,RP,30,31,63,P.reticulatum,control_norte,32,33,32,1,1
R20,RP,34,41,85,P.reticulatum,control_norte,44,51,44,1,1
R20,RP,39,40,96,P.reticulatum,control_norte,56,57,56,1,1
R19,1_1,7,9,90,P.reticulatum,sur_norte,90,90,90,0,0
R19,1_1,13,14,21,P.reticulatum,sur_norte,7,8,7,1,1
R19,1_1,18,20,63,P.reticulatum,sur_norte,43,45,43,1,1
R19,1_1,56,57,62,P.reticulatum,sur_norte,5,6,5,1,1
R19,1_1,68,70,74,P.reticulatum,sur_norte,4,6,4,1,1
R19,1_1,82,97,133,P.reticulatum,sur_norte,36,51,36,1,1
R19,2_1,7,11,18,U.amblyoclada,sur_norte,7,11,7,1,1
R19,2_1,15,16,25,U.amblyoclada,sur_norte,9,10,9,1,1
R19,2_1,18,22,45,U.amblyoclada,sur_norte,23,27,23,1,1
R19,2_1,22,24,43,U.amblyoclada,sur_norte,19,21,19,1,1
R19,2_1,29,32,111,U.amblyoclada,sur_norte,79,82,79,1,1
R21,1_3,6,7,14,U.amblyoclada,control_sur,7,8,7,1,1
R21,1_3,10,12,22,U.amblyoclada,control_sur,10,12,10,1,1
R21,1_3,15,23,53,U.amblyoclada,control_sur,30,38,30,1,1
R21,1_3,23,25,30,U.amblyoclada,control_sur,5,7,5,1,1
R21,1_3,27,30,36,U.amblyoclada,control_sur,6,9,6,1,1
R21,1_3,66,70,103,U.amblyoclada,control_sur,33,37,33,1,1
R21,2_3,19,21,39,P.reticulatum,control_sur,18,20,18,1,1
R21,2_3,23,35,90,P.reticulatum,control_sur,90,90,90,0,0
R21,2_3,61,64,66,P.reticulatum,control_sur,2,5,2,1,1
R21,2_3,77,78,81,P.reticulatum,control_sur,3,4,3,1,1
R21,2_3,88,88,89,P.reticulatum,control_sur,1,1,1,1,1
R21,2_2,7,17,27,P.reticulatum,control_sur,10,20,10,1,1
R21,2_2,12,13,23,P.reticulatum,control_sur,10,11,10,1,1
R21,2_2,19,23,69,P.reticulatum,control_sur,46,50,46,1,1
R21,2_2,25,26,34,P.reticulatum,control_sur,8,9,8,1,1
R21,2_2,35,37,90,P.reticulatum,control_sur,90,90,90,0,0
R21,2_2,40,43,63,P.reticulatum,control_sur,20,23,20,1,1
R21,2_2,65,70,90,P.reticulatum,control_sur,90,90,90,0,0
R21,1_2,13,26,69,U.amblyoclada,control_sur,43,56,43,1,1
R21,1_2,18,19,40,U.amblyoclada,control_sur,21,22,21,1,1
R21,1_2,23,26,41,U.amblyoclada,control_sur,15,18,15,1,1
R21,1_2,34,43,96,U.amblyoclada,control_sur,53,62,53,1,1
R21,1_2,55,56,76,U.amblyoclada,control_sur,20,21,20,1,1
R22,1_1,6,7,13,U.amblyoclada,norte_sur,6,7,6,1,1
R22,1_1,11,12,19,U.amblyoclada,norte_sur,7,8,7,1,1
R22,1_1,15,16,33,U.amblyoclada,norte_sur,17,18,17,1,1
R22,1_1,59,60,69,U.amblyoclada,norte_sur,9,10,9,1,1
R22,1_1,64,65,74,U.amblyoclada,norte_sur,9,10,9,1,1
R22,1_1,83,84,90,U.amblyoclada,norte_sur,6,7,6,1,1
R22,1_1,87,88,96,U.amblyoclada,norte_sur,8,9,8,1,1
R22,1_1,96,98,110,U.amblyoclada,norte_sur,12,14,12,1,1
R22,1_2,16,17,87,P.reticulatum,norte_sur,70,71,70,1,1
R22,1_2,20,90,90,P.reticulatum,norte_sur,90,90,90,0,0
R22,1_2,24,39,90,P.reticulatum,norte_sur,90,90,90,0,0
R22,1_2,41,46,55,P.reticulatum,norte_sur,9,14,9,1,1
R22,1_2,49,119,124,P.reticulatum,norte_sur,5,75,5,1,1
R22,1_2,53,54,65,P.reticulatum,norte_sur,11,12,11,1,1
R22,1_3,11,13,38,P.reticulatum,norte_sur,25,27,25,1,1
R22,1_3,16,16,22,P.reticulatum,norte_sur,6,6,6,1,1
R22,1_3,24,25,61,P.reticulatum,norte_sur,36,37,36,1,1
R22,1_3,36,36,37,P.reticulatum,norte_sur,1,1,1,1,1
R22,1_3,40,41,44,P.reticulatum,norte_sur,3,4,3,1,1
R22,1_3,44,44,45,P.reticulatum,norte_sur,1,1,1,1,1
R22,2_3,10,11,23,U.amblyoclada,norte_sur,12,13,12,1,1
R22,2_3,14,15,19,U.amblyoclada,norte_sur,4,5,4,1,1
R22,2_3,17,20,32,U.amblyoclada,norte_sur,12,15,12,1,1
R22,2_3,28,30,42,U.amblyoclada,norte_sur,12,14,12,1,1
R22,2_3,48,49,55,U.amblyoclada,norte_sur,6,7,6,1,1
R22,2_3,78,81,94,U.amblyoclada,norte_sur,13,16,13,1,1
R22,2_1,11,12,19,P.reticulatum,norte_sur,7,8,7,1,1
R22,2_1,18,21,90,P.reticulatum,norte_sur,90,90,90,0,0
R22,2_1,33,34,39,P.reticulatum,norte_sur,5,6,5,1,1
R22,2_1,40,41,66,P.reticulatum,norte_sur,25,26,25,1,1
R22,2_1,60,63,90,P.reticulatum,norte_sur,90,90,90,0,0
R22,2_1,65,67,73,P.reticulatum,norte_sur,6,8,6,1,1
R22,2_1,70,79,90,P.reticulatum,norte_sur,90,90,90,0,0
R22,2_2,61,69,119,U.amblyoclada,norte_sur,50,58,50,1,1
R22,2_2,74,79,125,U.amblyoclada,norte_sur,46,51,46,1,1
R22,2_2,78,81,90,U.amblyoclada,norte_sur,90,90,90,0,0
R22,2_2,74,85,130,U.amblyoclada,norte_sur,45,56,45,1,1
R22,2_2,83,84,96,U.amblyoclada,norte_sur,12,13,12,1,1
R22,2_2,87,88,94,U.amblyoclada,norte_sur,6,7,6,1,1
R22,2_2,106,90,90,U.amblyoclada,norte_sur,90,90,90,0,0
R23,1_1,8,10,33,U.amblyoclada,sur_norte,23,25,23,1,1
R23,1_1,12,16,21,U.amblyoclada,sur_norte,5,9,5,1,1
R23,1_1,23,25,28,U.amblyoclada,sur_norte,3,5,3,1,1
R23,1_1,27,33,43,U.amblyoclada,sur_norte,10,16,10,1,1
R23,1_1,31,44,98,U.amblyoclada,sur_norte,54,67,54,1,1
R23,RP2,77,82,85,P.reticulatum,sur_norte,3,8,3,1,1
R23,RP2,82,83,89,P.reticulatum,sur_norte,6,7,6,1,1
R23,RP2,86,87,100,P.reticulatum,sur_norte,13,14,13,1,1
R23,RP2,89,94,100,P.reticulatum,sur_norte,6,11,6,1,1
R23,RP2,92,94,121,P.reticulatum,sur_norte,27,29,27,1,1
R23,1_2,9,10,27,U.amblyoclada,sur_norte,17,18,17,1,1
R23,1_2,13,14,23,U.amblyoclada,sur_norte,9,10,9,1,1
R23,1_2,17,18,23,U.amblyoclada,sur_norte,5,6,5,1,1
R23,1_2,21,23,31,U.amblyoclada,sur_norte,8,10,8,1,1
R23,1_2,98,101,152,U.amblyoclada,sur_norte,51,54,51,1,1
R23,1_2,103,104,127,U.amblyoclada,sur_norte,23,24,23,1,1
R23,1_3,6,11,90,U.amblyoclada,sur_norte,90,90,90,0,0
R23,1_3,9,41,124,U.amblyoclada,sur_norte,83,90,83,1,1
R23,1_3,13,21,116,U.amblyoclada,sur_norte,90,90,90,1,0
R23,1_3,20,22,67,U.amblyoclada,sur_norte,45,47,45,1,1
R23,1_3,23,25,44,U.amblyoclada,sur_norte,19,21,19,1,1
R23,1_3,79,85,90,U.amblyoclada,sur_norte,90,90,90,0,0
R24,1_1,7,10,26,U.amblyoclada,control_norte,16,19,16,1,1
R24,1_1,12,94,175,U.amblyoclada,control_norte,81,90,81,1,1
R24,1_1,48,50,80,U.amblyoclada,control_norte,30,32,30,1,1
R24,1_1,52,53,57,U.amblyoclada,control_norte,4,5,4,1,1
R24,1_1,53,63,68,U.amblyoclada,control_norte,5,15,5,1,1
R24,1_3,7,9,42,U.amblyoclada,control_norte,33,35,33,1,1
R24,1_3,11,12,16,U.amblyoclada,control_norte,4,5,4,1,1
R24,1_3,15,16,25,U.amblyoclada,control_norte,9,10,9,1,1
R24,1_3,19,22,42,U.amblyoclada,control_norte,20,23,20,1,1
R24,1_3,23,24,27,U.amblyoclada,control_norte,3,4,3,1,1
R24,1_3,52,58,71,U.amblyoclada,control_norte,13,19,13,1,1
R24,1_3,56,57,81,U.amblyoclada,control_norte,24,25,24,1,1
R24,2_1,6,20,41,U.amblyoclada,control_norte,21,35,21,1,1
R24,2_1,10,13,29,U.amblyoclada,control_norte,16,19,16,1,1
R24,2_1,15,16,50,U.amblyoclada,control_norte,34,35,34,1,1
R24,2_1,37,90,90,U.amblyoclada,control_norte,90,90,90,0,0
R24,2_1,42,43,87,U.amblyoclada,control_norte,44,45,44,1,1
R24,2_3,8,90,90,P.reticulatum,control_norte,90,90,90,0,0
R24,2_3,16,18,59,P.reticulatum,control_norte,41,43,41,1,1
R24,2_3,21,90,90,P.reticulatum,control_norte,90,90,90,0,0
R24,2_3,28,29,44,P.reticulatum,control_norte,15,16,15,1,1
R24,2_3,32,33,98,P.reticulatum,control_norte,65,66,65,1,1
R24,2_3,38,42,90,P.reticulatum,control_norte,90,90,90,0,0
R25,1_1,6,14,90,P.reticulatum,norte_sur,90,90,90,0,0
R25,1_1,12,20,115,P.reticulatum,norte_sur,90,90,90,1,0
R25,1_1,17,90,90,P.reticulatum,norte_sur,90,90,90,0,0
R25,1_1,21,38,51,P.reticulatum,norte_sur,13,30,13,1,1
R25,1_1,68,69,88,P.reticulatum,norte_sur,19,20,19,1,1
R25,1_1,76,78,91,P.reticulatum,norte_sur,13,15,13,1,1
R25,1_2,7,8,31,U.amblyoclada,norte_sur,23,24,23,1,1
R25,1_2,15,16,23,U.amblyoclada,norte_sur,7,8,7,1,1
R25,1_2,19,20,26,U.amblyoclada,norte_sur,6,7,6,1,1
R25,1_2,37,54,100,U.amblyoclada,norte_sur,46,63,46,1,1
R25,1_2,84,86,97,U.amblyoclada,norte_sur,11,13,11,1,1
R25,1_2,88,91,115,U.amblyoclada,norte_sur,24,27,24,1,1
R25,1_3,7,11,90,P.reticulatum,norte_sur,90,90,90,0,0
R25,1_3,12,90,90,P.reticulatum,norte_sur,90,90,90,0,0
R25,1_3,22,25,98,P.reticulatum,norte_sur,73,76,73,1,1
R25,1_3,26,27,36,P.reticulatum,norte_sur,9,10,9,1,1
R25,1_3,53,55,81,P.reticulatum,norte_sur,26,28,26,1,1
R25,2_1,7,8,12,U.amblyoclada,norte_sur,4,5,4,1,1
R25,2_1,12,12,19,U.amblyoclada,norte_sur,7,7,7,1,1
R25,2_1,16,18,42,U.amblyoclada,norte_sur,24,26,24,1,1
R25,2_1,80,82,110,U.amblyoclada,norte_sur,28,30,28,1,1
R25,2_1,85,90,126,U.amblyoclada,norte_sur,36,41,36,1,1
R25,2_2,8,8,8,P.reticulatum,norte_sur,0,0,0,1,1
R25,2_2,12,14,20,P.reticulatum,norte_sur,6,8,6,1,1
R25,2_2,17,21,43,P.reticulatum,norte_sur,22,26,22,1,1
R25,2_2,25,26,30,P.reticulatum,norte_sur,4,5,4,1,1
R25,2_2,29,30,35,P.reticulatum,norte_sur,5,6,5,1,1
R25,2_2,48,53,61,P.reticulatum,norte_sur,8,13,8,1,1
R25,2_3,6,7,10,U.amblyoclada,norte_sur,3,4,3,1,1
R25,2_3,11,12,16,U.amblyoclada,norte_sur,4,5,4,1,1
R25,2_3,14,15,19,U.amblyoclada,norte_sur,4,5,4,1,1
R25,2_3,40,41,53,U.amblyoclada,norte_sur,12,13,12,1,1
R25,2_3,44,45,56,U.amblyoclada,norte_sur,11,12,11,1,1
R26,1_1,5,6,25,U.amblyoclada,control_sur,19,20,19,1,1
R26,1_1,10,11,45,U.amblyoclada,control_sur,34,35,34,1,1
R26,1_1,14,15,26,U.amblyoclada,control_sur,11,12,11,1,1
R26,1_1,18,20,43,U.amblyoclada,control_sur,23,25,23,1,1
R26,1_1,36,52,75,U.amblyoclada,control_sur,23,39,23,1,1
R26,1_2,6,8,41,P.reticulatum,control_sur,33,35,33,1,1
R26,1_2,10,13,48,P.reticulatum,control_sur,35,38,35,1,1
R26,1_2,14,17,39,P.reticulatum,control_sur,22,25,22,1,1
R26,1_2,30,31,43,P.reticulatum,control_sur,12,13,12,1,1
R26,1_2,34,35,50,P.reticulatum,control_sur,15,16,15,1,1
R26,1_3,7,10,41,P.reticulatum,control_sur,31,34,31,1,1
R26,1_3,12,14,20,P.reticulatum,control_sur,6,8,6,1,1
R26,1_3,23,28,90,P.reticulatum,control_sur,90,90,90,0,0
R26,1_3,36,37,54,P.reticulatum,control_sur,17,18,17,1,1
R26,1_3,44,51,90,P.reticulatum,control_sur,90,90,90,0,0
R26,2_1,6,10,90,U.amblyoclada,control_sur,90,90,90,0,0
R26,2_1,16,18,35,U.amblyoclada,control_sur,17,19,17,1,1
R26,2_1,19,21,29,U.amblyoclada,control_sur,8,10,8,1,1
R26,2_1,30,31,52,U.amblyoclada,control_sur,21,22,21,1,1
R26,2_1,49,51,66,U.amblyoclada,control_sur,15,17,15,1,1
R26,2_2,9,16,20,P.reticulatum,control_sur,4,11,4,1,1
R26,2_2,16,17,30,P.reticulatum,control_sur,13,14,13,1,1
R26,2_2,23,24,35,P.reticulatum,control_sur,11,12,11,1,1
R26,2_2,37,49,121,P.reticulatum,control_sur,72,84,72,1,1
R26,2_2,64,65,75,P.reticulatum,control_sur,10,11,10,1,1
R26,2_3,10,13,24,U.amblyoclada,control_sur,11,14,11,1,1
R26,2_3,17,25,90,U.amblyoclada,control_sur,90,90,90,0,0
R26,2_3,31,35,96,U.amblyoclada,control_sur,61,65,61,1,1
R26,2_3,38,40,90,U.amblyoclada,control_sur,90,90,90,0,0
R27,1_1,6,27,46,U.amblyoclada,control_norte,19,40,19,1,1
R27,1_1,15,18,56,U.amblyoclada,control_norte,38,41,38,1,1
R27,1_1,18,31,70,U.amblyoclada,control_norte,39,52,39,1,1
R27,1_1,43,51,59,U.amblyoclada,control_norte,8,16,8,1,1
R27,1_1,56,68,101,U.amblyoclada,control_norte,33,45,33,1,1
R27,2_1,9,12,17,P.reticulatum,control_norte,5,8,5,1,1
R27,2_1,13,14,17,P.reticulatum,control_norte,3,4,3,1,1
R27,2_1,17,18,19,P.reticulatum,control_norte,1,2,1,1,1
R27,2_1,20,22,25,P.reticulatum,control_norte,3,5,3,1,1
R27,2_1,30,31,36,P.reticulatum,control_norte,5,6,5,1,1
R27,2_1,66,67,90,P.reticulatum,control_norte,90,90,90,0,0
R27,1_2,6,7,52,P.reticulatum,control_norte,45,46,45,1,1
R27,1_2,10,11,20,P.reticulatum,control_norte,9,10,9,1,1
R27,1_2,13,14,20,P.reticulatum,control_norte,6,7,6,1,1
R27,1_2,39,40,44,P.reticulatum,control_norte,4,5,4,1,1
R27,1_2,45,45,50,P.reticulatum,control_norte,5,5,5,1,1
R27,2_2,6,9,31,U.amblyoclada,control_norte,22,25,22,1,1
R27,2_2,10,12,33,U.amblyoclada,control_norte,21,23,21,1,1
R27,2_2,43,49,90,U.amblyoclada,control_norte,90,90,90,0,0
R27,2_2,52,55,79,U.amblyoclada,control_norte,24,27,24,1,1
R27,2_2,55,57,77,U.amblyoclada,control_norte,20,22,20,1,1
R27,1_3,6,7,9,P.reticulatum,control_norte,2,3,2,1,1
R27,1_3,9,15,19,P.reticulatum,control_norte,4,10,4,1,1
R27,1_3,13,16,24,P.reticulatum,control_norte,8,11,8,1,1
R27,1_3,34,37,41,P.reticulatum,control_norte,4,7,4,1,1
R27,1_3,41,41,45,P.reticulatum,control_norte,4,4,4,1,1
R27,2_3,12,13,57,U.amblyoclada,control_norte,44,45,44,1,1
R27,2_3,18,20,54,U.amblyoclada,control_norte,34,36,34,1,1
R27,2_3,27,29,42,U.amblyoclada,control_norte,13,15,13,1,1
R27,2_3,46,47,74,U.amblyoclada,control_norte,27,28,27,1,1
R27,2_3,49,51,83,U.amblyoclada,control_norte,32,34,32,1,1
R28,1_1,6,19,27,U.amblyoclada,sur_norte,8,21,8,1,1
R28,1_1,10,12,19,U.amblyoclada,sur_norte,7,9,7,1,1
R28,1_1,35,36,43,U.amblyoclada,sur_norte,7,8,7,1,1
R28,1_1,44,45,49,U.amblyoclada,sur_norte,4,5,4,1,1
R28,1_1,55,73,91,U.amblyoclada,sur_norte,18,36,18,1,1
R28,1_2,6,8,50,P.reticulatum,sur_norte,42,44,42,1,1
R28,1_2,12,13,108,P.reticulatum,sur_norte,90,90,90,1,0
R28,1_2,18,22,29,P.reticulatum,sur_norte,7,11,7,1,1
R28,1_2,39,40,62,P.reticulatum,sur_norte,22,23,22,1,1
R28,1_2,43,56,71,P.reticulatum,sur_norte,15,28,15,1,1
R28,1_2,12,29,32,P.reticulatum,sur_norte,3,20,3,1,1
R28,2_2,10,12,21,U.amblyoclada,sur_norte,9,11,9,1,1
R28,2_2,14,17,32,U.amblyoclada,sur_norte,15,18,15,1,1
R28,2_2,19,20,26,U.amblyoclada,sur_norte,6,7,6,1,1
R28,2_2,53,55,61,U.amblyoclada,sur_norte,6,8,6,1,1
R28,2_2,74,90,90,U.amblyoclada,sur_norte,90,90,90,0,0
R28,2_1,6,90,90,P.reticulatum,sur_norte,90,90,90,0,0
R28,2_1,9,14,34,P.reticulatum,sur_norte,20,25,20,1,1
R28,2_1,19,20,25,P.reticulatum,sur_norte,5,6,5,1,1
R28,2_1,22,23,26,P.reticulatum,sur_norte,3,4,3,1,1
R28,2_1,28,30,56,P.reticulatum,sur_norte,26,28,26,1,1
R28,2_3,21,25,44,U.amblyoclada,sur_norte,19,23,19,1,1
R28,2_3,24,28,56,U.amblyoclada,sur_norte,28,32,28,1,1
R28,2_3,28,30,36,U.amblyoclada,sur_norte,6,8,6,1,1
R28,2_3,32,47,65,U.amblyoclada,sur_norte,18,33,18,1,1
R28,2_3,55,58,90,U.amblyoclada,sur_norte,90,90,90,0,0
R29,2_2,7,9,90,P.reticulatum,norte_sur,90,90,90,0,0
R29,2_2,10,11,15,P.reticulatum,norte_sur,4,5,4,1,1
R29,2_2,20,21,30,P.reticulatum,norte_sur,9,10,9,1,1
R29,2_2,34,35,43,P.reticulatum,norte_sur,8,9,8,1,1
R29,2_2,45,45,50,P.reticulatum,norte_sur,5,5,5,1,1
R29,2_2,51,59,63,P.reticulatum,norte_sur,4,12,4,1,1
R30,1_1,7,8,8,P.reticulatum,media_alta,0,1,0,1,1
R30,1_1,17,18,25,P.reticulatum,media_alta,7,8,7,1,1
R30,1_1,20,26,90,P.reticulatum,media_alta,90,90,90,0,0
R30,1_1,39,41,90,P.reticulatum,media_alta,90,90,90,0,0
R30,1_1,46,51,56,P.reticulatum,media_alta,5,10,5,1,1
R30,1_1,56,60,106,P.reticulatum,media_alta,46,50,46,1,1
R30,1_2,8,9,14,U.amblyoclada,media_alta,5,6,5,1,1
R30,1_2,11,12,15,U.amblyoclada,media_alta,3,4,3,1,1
R30,1_2,14,18,21,U.amblyoclada,media_alta,3,7,3,1,1
R30,1_2,18,19,23,U.amblyoclada,media_alta,4,5,4,1,1
R30,1_2,22,22,23,U.amblyoclada,media_alta,1,1,1,1,1
R30,1_2,75,88,114,U.amblyoclada,media_alta,26,39,26,1,1
R30,2_1,11,15,121,P.reticulatum,media_alta,90,90,90,1,0
R30,2_1,18,90,90,P.reticulatum,media_alta,90,90,90,0,0
R30,2_1,22,28,38,P.reticulatum,media_alta,10,16,10,1,1
R30,2_1,38,40,90,P.reticulatum,media_alta,90,90,90,0,0
R30,2_1,51,54,90,P.reticulatum,media_alta,90,90,90,0,0
R30,2_2,6,17,37,U.amblyoclada,media_alta,20,31,20,1,1
R30,2_2,11,16,57,U.amblyoclada,media_alta,41,46,41,1,1
R30,2_2,15,20,48,U.amblyoclada,media_alta,28,33,28,1,1
R30,2_2,73,81,87,U.amblyoclada,media_alta,6,14,6,1,1
R30,2_2,75,76,118,U.amblyoclada,media_alta,42,43,42,1,1
R30,2_2,117,129,187,U.amblyoclada,media_alta,58,70,58,1,1
R30,2_3,6,12,40,U.amblyoclada,media_alta,28,34,28,1,1
R30,2_3,17,46,118,U.amblyoclada,media_alta,72,90,72,1,1
R30,2_3,23,25,30,U.amblyoclada,media_alta,5,7,5,1,1
R30,2_3,28,31,122,U.amblyoclada,media_alta,90,90,90,1,0
R30,2_3,45,46,52,U.amblyoclada,media_alta,6,7,6,1,1
R30,2_3,49,51,59,U.amblyoclada,media_alta,8,10,8,1,1
R30,2_3M,11,90,90,P.reticulatum,media_alta,90,90,90,0,0
R30,2_3M,26,33,73,P.reticulatum,media_alta,40,47,40,1,1
R30,2_3M,35,51,70,P.reticulatum,media_alta,19,35,19,1,1
R30,2_3M,45,69,90,P.reticulatum,media_alta,90,90,90,0,0
R30,2_3M,49,53,57,P.reticulatum,media_alta,4,8,4,1,1
R31,1_1,6,11,16,U.amblyoclada,media_alta,5,10,5,1,1
R31,1_1,9,13,28,U.amblyoclada,media_alta,15,19,15,1,1
R31,1_1,17,25,37,U.amblyoclada,media_alta,12,20,12,1,1
R31,1_1,20,22,41,U.amblyoclada,media_alta,19,21,19,1,1
R31,1_1,50,56,90,U.amblyoclada,media_alta,90,90,90,0,0
R31,1_1,108,90,90,U.amblyoclada,media_alta,90,90,90,0,0
R31,1_2,7,89,92,P.reticulatum,media_alta,3,85,3,1,1
R31,1_2,11,17,34,P.reticulatum,media_alta,17,23,17,1,1
R31,1_2,40,90,90,P.reticulatum,media_alta,90,90,90,0,0
R31,1_2,43,54,115,P.reticulatum,media_alta,61,72,61,1,1
R31,1_2,46,80,90,P.reticulatum,media_alta,90,90,90,0,0
R31,1_3,13,15,20,U.amblyoclada,media_alta,5,7,5,1,1
R31,1_3,18,24,40,U.amblyoclada,media_alta,16,22,16,1,1
R31,1_3,26,54,88,U.amblyoclada,media_alta,34,62,34,1,1
R31,1_3,30,33,46,U.amblyoclada,media_alta,13,16,13,1,1
R31,1_3,65,77,113,U.amblyoclada,media_alta,36,48,36,1,1
R31,2_1,7,7,18,P.reticulatum,media_alta,11,11,11,1,1
R31,2_1,13,29,49,P.reticulatum,media_alta,20,36,20,1,1
R31,2_1,22,25,29,P.reticulatum,media_alta,4,7,4,1,1
R31,2_1,27,32,42,P.reticulatum,media_alta,10,15,10,1,1
R31,2_1,32,44,61,P.reticulatum,media_alta,17,29,17,1,1
R31,2_2,15,20,36,U.amblyoclada,media_alta,16,21,16,1,1
R31,2_2,19,29,87,U.amblyoclada,media_alta,58,68,58,1,1
R31,2_2,70,93,145,U.amblyoclada,media_alta,52,75,52,1,1
R31,2_2,82,90,95,U.amblyoclada,media_alta,5,13,5,1,1
R31,2_2,101,107,117,U.amblyoclada,media_alta,10,16,10,1,1
R31,2_3,11,14,35,P.reticulatum,media_alta,21,24,21,1,1
R31,2_3,17,20,60,P.reticulatum,media_alta,40,43,40,1,1
R31,2_3,22,26,39,P.reticulatum,media_alta,13,17,13,1,1
R31,2_3,26,28,55,P.reticulatum,media_alta,27,29,27,1,1
R31,2_3,57,68,153,P.reticulatum,media_alta,85,90,85,1,1
R32,1_1,13,15,27,U.amblyoclada,media_alta,12,14,12,1,1
R32,1_1,23,87,142,U.amblyoclada,media_alta,55,90,55,1,1
R32,1_1,47,58,98,U.amblyoclada,media_alta,40,51,40,1,1
R32,1_1,94,95,111,U.amblyoclada,media_alta,16,17,16,1,1
R32,1_1,78,80,88,U.amblyoclada,media_alta,8,10,8,1,1
R32,1_2,5,6,14,U.amblyoclada,media_alta,8,9,8,1,1
R32,1_2,9,14,43,U.amblyoclada,media_alta,29,34,29,1,1
R32,1_2,13,14,25,U.amblyoclada,media_alta,11,12,11,1,1
R32,1_2,67,90,90,U.amblyoclada,media_alta,0,23,0,1,1
R32,1_2,70,72,78,U.amblyoclada,media_alta,6,8,6,1,1
R32,1_2,80,82,97,U.amblyoclada,media_alta,15,17,15,1,1
R32,1_3,16,18,63,U.amblyoclada,media_alta,45,47,45,1,1
R32,1_3,21,23,32,U.amblyoclada,media_alta,9,11,9,1,1
R32,1_3,26,51,60,U.amblyoclada,media_alta,9,34,9,1,1
R32,1_3,29,32,54,U.amblyoclada,media_alta,22,25,22,1,1
R32,1_3,103,104,117,U.amblyoclada,media_alta,13,14,13,1,1
R32,2_1,8,19,80,P.reticulatum,media_alta,61,72,61,1,1
R32,2_1,13,22,151,P.reticulatum,media_alta,90,90,90,1,0
R32,2_1,18,22,28,P.reticulatum,media_alta,6,10,6,1,1
R32,2_1,29,63,127,P.reticulatum,media_alta,64,90,64,1,1
R32,2_1,58,74,114,P.reticulatum,media_alta,40,56,40,1,1
R32,2_2,9,10,23,P.reticulatum,media_alta,13,14,13,1,1
R32,2_2,15,90,90,P.reticulatum,media_alta,90,90,90,0,0
R32,2_2,34,36,59,P.reticulatum,media_alta,23,25,23,1,1
R32,2_2,39,90,90,P.reticulatum,media_alta,90,90,90,0,0
R32,2_2,67,78,90,P.reticulatum,media_alta,90,90,90,0,0
R32,2_3,29,54,167,P.reticulatum,media_alta,90,90,90,1,0
R32,2_3,33,36,51,P.reticulatum,media_alta,15,18,15,1,1
R32,2_3,54,121,138,P.reticulatum,media_alta,17,84,17,1,1
R32,2_3,59,67,90,P.reticulatum,media_alta,90,90,90,0,0
R32,2_3,75,81,90,P.reticulatum,media_alta,90,90,90,0,0
R33,1_1,14,15,23,P.reticulatum,media_alta,8,9,8,1,1
R33,1_1,40,46,90,P.reticulatum,media_alta,90,90,90,0,0
R33,1_1,44,58,90,P.reticulatum,media_alta,90,90,90,0,0
R33,1_1,47,52,90,P.reticulatum,media_alta,90,90,90,0,0
R33,1_1,74,83,90,P.reticulatum,media_alta,90,90,90,0,0
R33,1_3,5,34,90,P.reticulatum,media_alta,90,90,90,0,0
R33,1_3,23,36,138,P.reticulatum,media_alta,90,90,90,1,0
R33,1_3,27,58,90,P.reticulatum,media_alta,90,90,90,0,0
R33,1_3,30,39,127,P.reticulatum,media_alta,88,90,88,1,1
R33,1_3,149,159,221,P.reticulatum,media_alta,62,72,62,1,1
R33,2_1,9,90,90,U.amblyoclada,media_alta,90,90,90,0,0
R33,2_1,13,50,138,U.amblyoclada,media_alta,88,90,88,1,1
R33,2_1,21,30,184,U.amblyoclada,media_alta,90,90,90,1,0
R33,2_1,34,37,45,U.amblyoclada,media_alta,8,11,8,1,1
R33,2_1,46,55,61,U.amblyoclada,media_alta,6,15,6,1,1
R33,2_2,27,35,38,P.reticulatum,media_alta,3,11,3,1,1
R33,2_2,38,42,90,P.reticulatum,media_alta,90,90,90,0,0
R33,2_2,56,90,90,P.reticulatum,media_alta,90,90,90,0,0
R33,2_2,68,147,203,P.reticulatum,media_alta,56,90,56,1,1
R33,2_2,86,87,102,P.reticulatum,media_alta,15,16,15,1,1
R34,1_1,15,90,90,P.reticulatum,media_alta,90,90,90,0,0
R34,1_1,24,26,31,P.reticulatum,media_alta,5,7,5,1,1
R34,1_1,45,48,112,P.reticulatum,media_alta,64,67,64,1,1
R34,1_1,48,52,90,P.reticulatum,media_alta,38,42,38,1,1
R34,1_1,52,53,63,P.reticulatum,media_alta,10,11,10,1,1
R34,1_2,5,23,90,U.amblyoclada,media_alta,90,90,90,0,0
R34,1_2,14,28,48,U.amblyoclada,media_alta,20,34,20,1,1
R34,1_2,29,34,58,U.amblyoclada,media_alta,24,29,24,1,1
R34,1_2,48,60,70,U.amblyoclada,media_alta,10,22,10,1,1
R34,1_2,70,79,134,U.amblyoclada,media_alta,55,64,55,1,1
R34,1_3,7,23,124,U.amblyoclada,media_alta,90,90,90,1,0
R34,1_3,13,47,90,U.amblyoclada,media_alta,90,90,90,0,0
R34,1_3,25,30,62,U.amblyoclada,media_alta,32,37,32,1,1
R34,1_3,29,49,110,U.amblyoclada,media_alta,61,81,61,1,1
R34,1_3,50,70,90,U.amblyoclada,media_alta,90,90,90,0,0
R34,2_1,13,15,32,P.reticulatum,media_alta,17,19,17,1,1
R34,2_1,16,17,25,P.reticulatum,media_alta,8,9,8,1,1
R34,2_1,19,51,90,P.reticulatum,media_alta,90,90,90,0,0
R34,2_1,23,25,30,P.reticulatum,media_alta,5,7,5,1,1
R34,2_1,27,46,57,P.reticulatum,media_alta,11,30,11,1,1
R34,2_2,7,26,90,U.amblyoclada,media_alta,90,90,90,0,0
R34,2_2,24,26,90,U.amblyoclada,media_alta,90,90,90,0,0
R34,2_2,28,40,129,U.amblyoclada,media_alta,89,90,89,1,1
R34,2_2,44,124,165,U.amblyoclada,media_alta,41,90,41,1,1
R34,2_2,61,66,103,U.amblyoclada,media_alta,37,42,37,1,1
R34,2_3,9,15,88,P.reticulatum,media_alta,73,79,73,1,1
R34,2_3,13,17,44,P.reticulatum,media_alta,27,31,27,1,1
R34,2_3,19,26,90,P.reticulatum,media_alta,90,90,90,0,0
R34,2_3,43,90,90,P.reticulatum,media_alta,90,90,90,0,0
R34,2_3,46,49,90,P.reticulatum,media_alta,90,90,90,0,0
