puntos,foliose,fructicose,crustose,escuamulose,dimorphic,green_algae,ciabobacteria,both,apothecia,perithecia,soredia,isidia,uv_protection,Microbiological_protec,herbivory_protec,Foresp1,Foresp2,Foresp3,cilia,uv_protection,alellopathic,herbivory_protection,lad,pend,Slope,Slope_mrp,Orientation,Elevation,ORNS_lad,ORWE_lad,ORNS_aspect,ORWE_aspect
Ch 17,5.00,1.00,8.00,1,1,16,0,0,9.00,0.00,7.00,2.00,6.00,10.00,1.00,6,2,0,2,6,10,1,1,85,1,3,0,0,1,0,0,-1
Ch 18,8.00,1.00,6.00,0,1,15,0,1,8.00,0.00,8.00,3.00,6.00,11.00,0.00,5,2,1,3,6,11,0,1,85,1,3,0.70710678,0,1,0,1,1
Ch 19A,3.00,1.00,5.00,1,0,17,0,0,6.00,0.00,2.00,1.00,4.00,5.00,0.00,9,1,0,4,4,10,2,1,5,0,3,-0.27563736,0,1,0,-1,-1
Ch 19B,5.00,3.00,8.00,0,0,9,0,0,10.00,0.00,6.00,3.00,4.00,10.00,2.00,5,1,0,2,4,5,0,1,90,1,1,-0.70710678,0,1,0,0,1
Ch 7A,3.00,1.00,4.00,0,0,8,0,0,6.00,0.00,1.00,2.00,4.00,4.00,0.00,3,2,1,1,4,4,0,5,0,0,1,0.8480481,0,-1,0,1,1
Ch 7B,5.00,1.00,9.00,0,0,15,0,0,10.00,0.00,6.00,1.00,5.00,7.00,0.00,7,2,1,2,5,7,0,5,0,0,1,-0.70710678,0,-1,0,-1,-1
Ch 6A,4.00,2.00,8.00,2,1,16,0,0,10.00,0.00,7.00,2.00,4.00,10.00,2.00,7,2,0,1,4,10,2,5,45,0,2,-0.70710678,0,-1,0,-1,1
Ch 6B,3.00,1.00,6.00,0,0,10,0,0,4.00,0.00,3.00,4.00,4.00,6.00,0.00,2,2,1,1,4,6,0,5,90,1,3,0,0,-1,0,0,1
Ch 16,13.00,1.00,8.00,2,0,23,0,0,9.00,0.00,11.00,6.00,5.00,17.00,2.00,7,4,0,5,5,17,2,5,85,1,3,0,0,-1,0,0,-1
Ch 5A,5.00,1.00,5.00,0,0,11,0,0,6.00,0.00,3.00,3.00,5.00,7.00,0.00,4,3,0,1,5,7,0,2,0,0,1,-0.15643447,0,1,1,0,-1
Ch 5B,3.00,1.00,5.00,1,0,10,0,0,7.00,0.00,5.00,0.00,3.00,7.00,1.00,4,2,0,1,3,7,1,2,45,0,2,-0.70710678,0,1,1,-1,-1
Ch 5C,4.00,2.00,8.00,0,0,13,0,1,9.00,0.00,5.00,4.00,5.00,8.00,0.00,5,3,2,2,5,8,0,2,45,0,2,0.70710678,0,1,1,1,1
Ch 24,5.00,0.00,4.00,0,0,9,0,0,5.00,0.00,0.00,4.00,6.00,4.00,0.00,5,1,0,0,6,4,0,7,35,0,2,0.97029573,0,-1,-1,1,0
Ch 14A,3.00,1.00,5.00,0,0,13,0,0,6.00,0.00,3.00,1.00,5.00,5.00,1.00,7,3,0,1,4,8,0,1,20,0,3,-0.93358043,0,1,0,0,-1
Ch 14B,4.00,1.00,8.00,0,0,13,0,0,8.00,0.00,3.00,2.00,4.00,8.00,0.00,5,2,0,2,6,8,1,1,85,1,3,0,0,1,0,-10000,0
Ch 14C,5.00,1.00,7.00,0,0,9,0,0,10.00,0.00,4.00,0.00,6.00,8.00,1.00,2,3,0,1,5,5,1,1,89,1,1,-1,0,1,0,-1,0
Ch 15A,6.00,1.00,9.00,0,0,16,0,0,12.00,0.00,4.00,1.00,7.00,10.00,1.00,7,3,0,1,9,11,1,1,35,0,3,0,0,1,0,1,-1
Ch 15B,6.00,1.00,9.00,0,0,16,0,0,12.00,0.00,3.00,2.00,9.00,11.00,1.00,7,2,1,1,7,10,1,1,85,1,2,0.70710678,0,1,0,0,1
Ch 13A,3.00,1.00,5.00,0,0,9,0,0,6.00,0.00,2.00,2.00,5.00,5.00,1.00,2,3,0,1,5,5,1,1,0,0,1,-0.99862953,0,1,0,-1,0
Ch 13B,3.00,0.00,5.00,0,0,8,0,0,6.00,0.00,1.00,1.00,4.00,6.00,1.00,3,2,0,0,4,6,1,1,80,1,3,0.70710678,0,1,0,1,-1
Ch 22A,6.00,2.00,9.00,0,0,17,0,0,12.00,0.00,5.00,2.00,6.00,12.00,1.00,10,2,0,2,6,12,1,5,40,0,2,-0.93969262,0,-1,0,-1,0
Ch 22B,6.00,1.00,14.00,0,0,21,0,0,14.00,0.00,6.00,4.00,9.00,11.00,1.00,10,3,1,1,9,11,1,5,90,1,3,0.76604444,0,-1,0,1,-1
Ch 23,9.00,1.00,11.00,1,1,22,0,1,13.00,0.00,9.00,3.00,9.00,15.00,2.00,7,3,1,2,9,15,2,7,85,1,3,-0.93969262,0,0,-10000,-1,0
Ch 25,5.00,2.00,11.00,0,0,18,0,0,15.00,0.00,3.00,1.00,8.00,11.00,2.00,9,3,1,2,8,11,2,6,90,1,3,-0.76604444,0,-1,-1,-1,-1
Ch 2,4.00,1.00,6.00,0,0,11,0,0,9.00,0.00,2.00,1.00,5.00,5.00,0.00,7,2,0,1,5,5,0,2,55,1,2,0,0,1,0,0,-1
Ch 47,8.00,1.00,8.00,0,1,17,0,1,9.00,0.00,5.00,4.00,6.00,15.00,0.00,7,4,0,1,6,15,0,3,85,1,1,0.81915204,1,0,1,1,1
Ch 31,8.00,5.00,12.00,1,2,27,0,1,16.00,0.00,13.00,4.00,10.00,18.00,2.00,9,6,0,7,10,18,2,5,90,1,3,-0.98480775,1,-1,0,-1,0
Ch 45,3.00,2.00,12.00,0,0,17,0,0,14.00,0.00,3.00,2.00,3.00,10.00,0.00,11,2,1,1,3,10,0,6,50,0,2,-0.34202014,1,-1,-1,0,-1
Ch 46,8.00,2.00,8.00,0,2,18,1,1,11.00,0.00,9.00,2.00,3.00,13.00,0.00,7,5,1,5,3,13,0,6,85,1,1,0.08715574,1,-1,-1,0,1
Ch 44,4.00,2.00,9.00,0,0,15,0,0,10.00,0.00,3.00,3.00,7.00,10.00,0.00,6,3,1,2,7,10,0,2,30,0,1,-0.5,1,1,1,-1,1
Ch 43,8.00,3.00,6.00,0,0,17,0,0,9.00,0.00,6.00,5.00,8.00,13.00,0.00,5,2,1,3,8,13,0,1,20,0,1,0.42261826,1,1,1,0,1
Ch 21,3.00,1.00,7.00,0,1,11,1,0,8.00,0.00,3.00,1.00,4.00,8.00,0.00,6,2,1,1,4,8,0,4,40,0,2,0,1,-1,1,0,1
Ch 11,4.00,4.00,9.00,0,2,18,0,1,14.00,0.00,5.00,2.00,7.00,14.00,1.00,8,2,1,5,7,14,1,2,90,1,3,0,1,1,1,0,-1
Ch 10,5.00,6.00,11.00,0,0,22,0,0,14.00,0.00,8.00,6.00,11.00,13.00,1.00,9,3,2,7,11,13,1,2,90,1,3,-0.70710678,1,1,1,-1,-1
Ch 4,2.00,2.00,7.00,0,0,11,0,0,8.00,0.00,1.00,3.00,5.00,5.00,1.00,4,3,1,2,5,5,1,2,0,0,1,0,1,1,1,0,1
Ch 3,5.00,0.00,6.00,0,0,11,0,0,9.00,0.00,0.00,2.00,4.00,6.00,0.00,5,2,1,1,4,6,0,2,45,0,2,0,1,1,1,0,1
Ch12,2.00,1.00,6.00,0,0,9,0,0,8.00,0.00,1.00,2.00,5.00,6.00,1.00,4,3,0,1,5,6,1,2,45,0,2,0,1,1,1,0,1
Ch 27A,3.00,3.00,8.00,0,1,18,0,1,10.00,0.00,3.00,4.00,5.00,13.00,0.00,9,3,1,3,7,16,1,4,50,0,3,-0.34202014,1,-1,1,-1,1
Ch 27B,5.00,4.00,9.00,0,0,14,0,0,13.00,0.00,4.00,5.00,7.00,16.00,1.00,7,1,1,3,5,13,0,4,90,1,2,-0.64278761,1,-1,1,0,1
Ch 26A,11.00,3.00,10.00,0,0,24,0,0,15.00,0.00,7.00,5.00,9.00,15.00,1.00,8,3,2,4,9,15,1,1,90,1,3,0,1,1,0,0,1
Ch 26B,4.00,1.00,5.00,0,0,10,0,0,8.00,1.00,2.00,1.00,5.00,6.00,0.00,4,2,0,1,5,6,0,1,90,1,3,0.7313537,1,1,0,1,1
Ch 30A,3.00,1.00,7.00,0,0,13,0,0,9.00,0.00,1.00,2.00,6.00,6.00,0.00,8,2,0,1,4,9,0,2,1,0,2,0.0348995,2,1,1,0,1
Ch 30B,5.00,1.00,7.00,0,0,11,0,0,11.00,0.00,3.00,1.00,4.00,9.00,0.00,5,3,0,1,6,6,0,2,40,0,1,-0.32556815,2,1,1,0,1
Ch 30C,5.00,2.00,6.00,0,0,13,0,0,10.00,0.00,4.00,2.00,4.00,10.00,0.00,9,1,0,2,4,10,0,2,90,1,3,0.94551858,2,1,1,1,0
Ch 42,3.00,2.00,11.00,0,1,16,0,1,13.00,0.00,3.00,3.00,6.00,11.00,1.00,9,3,1,3,6,11,1,5,85,1,3,-0.5,2,-1,1,-1,1
Ch 41,2.00,3.00,10.00,0,0,15,0,0,12.00,0.00,2.00,3.00,8.00,10.00,1.00,8,3,1,2,8,10,1,7,28,0,1,-0.93969262,2,-1,-1,-1,0
Ch 40,2.00,1.00,10.00,0,0,13,0,0,12.00,0.00,1.00,1.00,5.00,8.00,0.00,7,2,2,1,5,8,0,3,30,0,1,0.08715574,2,0,1,0,1
Ch 20A,2.00,3.00,7.00,0,0,15,0,0,10.00,0.00,2.00,2.00,5.00,9.00,0.00,9,4,0,2,6,8,1,3,40,0,3,-0.35836795,2,0,1,0,-1
Ch 20B,2.00,3.00,10.00,0,0,12,0,0,14.00,0.00,2.00,2.00,6.00,8.00,1.00,8,3,0,3,5,9,0,3,85,1,2,0,2,0,1,0,-1
Ch 20C,9.00,7.00,16.00,0,1,32,0,1,24.00,0.00,9.00,6.00,13.00,23.00,1.00,16,4,4,8,13,23,1,3,85,1,3,0,2,0,1,0,1
Ch 29A,3.00,3.00,11.00,0,0,19,0,0,14.00,0.00,2.00,2.00,8.00,8.00,1.00,8,4,2,2,8,11,0,5,10,0,3,-0.7193398,2,-1,0,0,1
Ch 29B,5.00,2.00,12.00,0,0,17,0,0,16.00,0.00,3.00,3.00,8.00,11.00,0.00,8,3,2,2,8,8,1,5,85,1,1,-0.34202014,2,-1,0,-1,-1
Ch 28A,3.00,1.00,9.00,0,0,11,0,0,11.00,0.00,1.00,2.00,7.00,5.00,0.00,6,2,3,1,3,6,0,5,10,0,2,-0.60181502,2,-1,0,-1,-1
Ch 28B,1.00,1.00,9.00,0,0,13,0,0,10.00,0.00,0.00,1.00,3.00,6.00,0.00,4,3,3,1,7,5,0,5,37,0,1,-0.7313537,2,-1,0,-1,1
