nro,or_R,pend,E,W,spp_lichens,freq,grid,status,zone,obs,mft
R7,180,80,0,43,lichen_cov,95,G1,NA,burned,foliose_burned,NA
R7,180,80,0,43,lichen_cov,95,G2,NA,burned,foliose_burned,NA
R7,180,80,0,43,lichen_cov,90,G3,NA,burned,foliose_burned,NA
R7,180,80,0,43,lichen_cov,90,G4,NA,burned,foliose_burned,NA
R7,180,80,0,43,lichen_cov,90,G5,NA,burned,foliose_burned,NA
R7,180,80,0,43,rock_cov,5,G1,NA,burned,foliose_burned,NA
R7,180,80,0,43,rock_cov,5,G2,NA,burned,foliose_burned,NA
R7,180,80,0,43,rock_cov,10,G3,NA,burned,foliose_burned,NA
R7,180,80,0,43,rock_cov,10,G4,NA,burned,foliose_burned,NA
R7,180,80,0,43,rock_cov,10,G5,NA,burned,foliose_burned,NA
R7,180,80,0,43,moss_cov,0,G1,zero,burned,,NA
R7,180,80,0,43,moss_cov,0,G2,zero,burned,,NA
R7,180,80,0,43,moss_cov,0,G3,zero,burned,,NA
R7,180,80,0,43,moss_cov,0,G4,zero,burned,,NA
R7,180,80,0,43,moss_cov,0,G5,zero,burned,,NA
R7,180,80,0,43,Parm_ret,9,G1,damaged,burned,,foliose
R7,180,80,0,43,Parm_ret,16,G2,damaged,burned,,foliose
R7,180,80,0,43,Parm_ret,4,G3,damaged,burned,,foliose
R7,180,80,0,43,Parm_ret,3,G4,damaged,burned,,foliose
R7,180,80,0,43,Parm_ret,16,G5,damaged,burned,,foliose
R7,180,80,0,43,Umb_pol,2,G1,damaged,burned,,foliose
R7,180,80,0,43,Umb_pol,3,G2,damaged,burned,,foliose
R7,180,80,0,43,Umb_pol,2,G3,damaged,burned,,foliose
R7,180,80,0,43,Umb_pol,2,G4,damaged,burned,,foliose
R7,180,80,0,43,Umb_pol,0,G5,zero,burned,,foliose
R7,180,80,0,43,Punc_sp,2,G1,damaged,burned,,foliose
R7,180,80,0,43,Punc_sp,0,G2,zero,burned,,foliose
R7,180,80,0,43,Punc_sp,0,G3,zero,burned,,foliose
R7,180,80,0,43,Punc_sp,0,G4,zero,burned,,foliose
R7,180,80,0,43,Punc_sp,0,G5,zero,burned,,foliose
R7,180,80,0,43,Haem_fenz,8,G1,damaged,burned,,crustose
R7,180,80,0,43,Haem_fenz,4,G2,damaged,burned,,crustose
R7,180,80,0,43,Haem_fenz,0,G3,zero,burned,,crustose
R7,180,80,0,43,Haem_fenz,0,G4,zero,burned,,crustose
R7,180,80,0,43,Haem_fenz,0,G5,zero,burned,,crustose
R7,180,80,0,43,Pert_cor,12,G1,damaged,burned,,crustose
R7,180,80,0,43,Pert_cor,15,G2,damaged,burned,,crustose
R7,180,80,0,43,Pert_cor,9,G3,damaged,burned,,crustose
R7,180,80,0,43,Pert_cor,3,G4,damaged,burned,,crustose
R7,180,80,0,43,Pert_cor,8,G5,damaged,burned,,crustose
R7,180,80,0,43,Leca_lab,4,G1,damaged,burned,,crustose
R7,180,80,0,43,Leca_lab,0,G2,zero,burned,,crustose
R7,180,80,0,43,Leca_lab,0,G3,zero,burned,,crustose
R7,180,80,0,43,Leca_lab,0,G4,zero,burned,,crustose
R7,180,80,0,43,Leca_lab,2,G5,damaged,burned,,crustose
R7,180,80,0,43,Cand_vit,8,G1,damaged,burned,,crustose
R7,180,80,0,43,Cand_vit,0,G2,zero,burned,,crustose
R7,180,80,0,43,Cand_vit,4,G3,damaged,burned,,crustose
R7,180,80,0,43,Cand_vit,3,G4,damaged,burned,,crustose
R7,180,80,0,43,Cand_vit,0,G5,zero,burned,,crustose
R7,180,80,0,43,Usn_amb,7,G1,damaged,burned,,fruticose
R7,180,80,0,43,Usn_amb,5,G2,damaged,burned,,fruticose
R7,180,80,0,43,Usn_amb,4,G3,damaged,burned,,fruticose
R7,180,80,0,43,Usn_amb,2,G4,damaged,burned,,fruticose
R7,180,80,0,43,Usn_amb,3,G5,damaged,burned,,fruticose
R7,180,80,0,43,Ram_pui,3,G1,damaged,burned,,fruticose
R7,180,80,0,43,Ram_pui,0,G2,zero,burned,,fruticose
R7,180,80,0,43,Ram_pui,5,G3,damaged,burned,,fruticose
R7,180,80,0,43,Ram_pui,2,G4,damaged,burned,,fruticose
R7,180,80,0,43,Ram_pui,1,G5,damaged,burned,,fruticose
R7,180,80,0,43,Bue_aeth,0,G1,zero,burned,,crustose
R7,180,80,0,43,Bue_aeth,0,G2,zero,burned,,crustose
R7,180,80,0,43,Bue_aeth,15,G3,damaged,burned,,crustose
R7,180,80,0,43,Bue_aeth,10,G4,damaged,burned,,crustose
R7,180,80,0,43,Bue_aeth,5,G5,damaged,burned,,crustose
R7,180,80,0,43,Leca_disp,0,G1,zero,burned,ex Lecanora verde,crustose
R7,180,80,0,43,Leca_disp,0,G2,zero,burned,,crustose
R7,180,80,0,43,Leca_disp,0,G3,zero,burned,,crustose
R7,180,80,0,43,Leca_disp,4,G4,damaged,burned,,crustose
R7,180,80,0,43,Leca_disp,2,G5,damaged,burned,,crustose
R7,180,80,0,43,Hyp_rev,0,G1,zero,burned,,foliose
R7,180,80,0,43,Hyp_rev,0,G2,zero,burned,,foliose
R7,180,80,0,43,Hyp_rev,0,G3,zero,burned,,foliose
R7,180,80,0,43,Hyp_rev,3,G4,damaged,burned,,foliose
R7,180,80,0,43,Hyp_rev,0,G5,zero,burned,,foliose
R7,180,80,0,43,Usn_col,0,G1,zero,burned,,fruticose
R7,180,80,0,43,Usn_col,0,G2,zero,burned,,fruticose
R7,180,80,0,43,Usn_col,0,G3,zero,burned,,fruticose
R7,180,80,0,43,Usn_col,0,G4,zero,burned,,fruticose
R7,180,80,0,43,Usn_col,2,G5,damaged,burned,,fruticose
R3/R1,290,10,60,5,lichen_cov,0,G1,zero,burned,,NA
R3/R1,290,10,60,5,lichen_cov,80,G2,NA,burned,,NA
R3/R1,290,10,60,5,lichen_cov,80,G3,NA,burned,,NA
R3/R1,290,10,60,5,lichen_cov,70,G4,NA,burned,,NA
R3/R1,290,10,60,5,lichen_cov,70,G5,NA,burned,,NA
R3/R1,290,10,60,5,rock_cov,90,G1,NA,burned,,NA
R3/R1,290,10,60,5,rock_cov,15,G2,NA,burned,,NA
R3/R1,290,10,60,5,rock_cov,10,G3,NA,burned,,NA
R3/R1,290,10,60,5,rock_cov,25,G4,NA,burned,,NA
R3/R1,290,10,60,5,rock_cov,30,G5,NA,burned,,NA
R3/R1,290,10,60,5,moss_cov,10,G1,NA,burned,,NA
R3/R1,290,10,60,5,moss_cov,10,G2,NA,burned,,NA
R3/R1,290,10,60,5,moss_cov,5,G3,NA,burned,,NA
R3/R1,290,10,60,5,moss_cov,0,G4,zero,burned,,NA
R3/R1,290,10,60,5,moss_cov,0,G5,zero,burned,,NA
R3/R1,290,10,60,5,Hyp_rev,5,G1,not_damaged,burned,,foliose
R3/R1,290,10,60,5,Hyp_rev,3,G2,not_damaged,burned,,foliose
R3/R1,290,10,60,5,Hyp_rev,0,G3,zero,burned,,foliose
R3/R1,290,10,60,5,Hyp_rev,0,G4,zero,burned,,foliose
R3/R1,290,10,60,5,Hyp_rev,0,G5,zero,burned,,foliose
R3/R1,290,10,60,5,Xan_far,13,G1,not_damaged,burned,,foliose
R3/R1,290,10,60,5,Xan_far,24,G2,not_damaged,burned,,foliose
R3/R1,290,10,60,5,Xan_far,4,G3,not_damaged,burned,,foliose
R3/R1,290,10,60,5,Xan_far,2,G4,not_damaged,burned,,foliose
R3/R1,290,10,60,5,Xan_far,22,G5,not_damaged,burned,,foliose
R3/R1,290,10,60,5,Cand_vit,9,G1,not_damaged,burned,,crustose
R3/R1,290,10,60,5,Cand_vit,4,G2,not_damaged,burned,,crustose
R3/R1,290,10,60,5,Cand_vit,21,G3,not_damaged,burned,,crustose
R3/R1,290,10,60,5,Cand_vit,19,G4,not_damaged,burned,,crustose
R3/R1,290,10,60,5,Cand_vit,6,G5,not_damaged,burned,ex Neofuscelia sp,crustose
R3/R1,290,10,60,5,Xan_imi,5,G1,not_damaged,burned,,foliose
R3/R1,290,10,60,5,Xan_imi,2,G2,not_damaged,burned,,foliose
R3/R1,290,10,60,5,Xan_imi,0,G3,zero,burned,,foliose
R3/R1,290,10,60,5,Xan_imi,0,G4,zero,burned,,foliose
R3/R1,290,10,60,5,Xan_imi,0,G5,zero,burned,,foliose
R3/R1,290,10,60,5,Punc_st,2,G1,not_damaged,burned,,foliose
R3/R1,290,10,60,5,Punc_st,3,G2,not_damaged,burned,,foliose
R3/R1,290,10,60,5,Punc_st,0,G3,zero,burned,,foliose
R3/R1,290,10,60,5,Punc_st,0,G4,zero,burned,,foliose
R3/R1,290,10,60,5,Punc_st,0,G5,zero,burned,,foliose
R3/R1,290,10,60,5,Punc_perr,1,G1,not_damaged,burned,,foliose
R3/R1,290,10,60,5,Punc_perr,4,G2,not_damaged,burned,,foliose
R3/R1,290,10,60,5,Punc_perr,0,G3,zero,burned,,foliose
R3/R1,290,10,60,5,Punc_perr,0,G4,zero,burned,,foliose
R3/R1,290,10,60,5,Punc_perr,3,G5,not_damaged,burned,,foliose
R3/R1,290,10,60,5,Rino_gris,4,G1,not_damaged,burned,"Rinodina gris, ID needed",crustose
R3/R1,290,10,60,5,Rino_gris,2,G2,not_damaged,burned,,crustose
R3/R1,290,10,60,5,Rino_gris,2,G3,not_damaged,burned,,crustose
R3/R1,290,10,60,5,Rino_gris,2,G4,not_damaged,burned,,crustose
R3/R1,290,10,60,5,Rino_gris,2,G5,not_damaged,burned,,crustose
R3/R1,290,10,60,5,Pert_cor,6,G1,not_damaged,burned,,crustose
R3/R1,290,10,60,5,Pert_cor,0,G2,zero,burned,,crustose
R3/R1,290,10,60,5,Pert_cor,2,G3,not_damaged,burned,,crustose
R3/R1,290,10,60,5,Pert_cor,2,G4,not_damaged,burned,,crustose
R3/R1,290,10,60,5,Pert_cor,0,G5,zero,burned,,crustose
R3/R1,290,10,60,5,Umb_pol,1,G1,not_damaged,burned,,foliose
R3/R1,290,10,60,5,Umb_pol,4,G2,not_damaged,burned,,foliose
R3/R1,290,10,60,5,Umb_pol,9,G3,not_damaged,burned,,foliose
R3/R1,290,10,60,5,Umb_pol,2,G4,not_damaged,burned,,foliose
R3/R1,290,10,60,5,Umb_pol,15,G5,not_damaged,burned,,foliose
R3/R1,290,10,60,5,Usn_amb,13,G1,not_damaged,burned,,fruticose
R3/R1,290,10,60,5,Usn_amb,14,G2,not_damaged,burned,,fruticose
R3/R1,290,10,60,5,Usn_amb,22,G3,not_damaged,burned,,fruticose
R3/R1,290,10,60,5,Usn_amb,18,G4,not_damaged,burned,,fruticose
R3/R1,290,10,60,5,Usn_amb,7,G5,not_damaged,burned,,fruticose
R3/R1,290,10,60,5,Leca_disp,0,G1,zero,burned,,crustose
R3/R1,290,10,60,5,Leca_disp,2,G2,not_damaged,burned,,crustose
R3/R1,290,10,60,5,Leca_disp,6,G3,not_damaged,burned,,crustose
R3/R1,290,10,60,5,Leca_disp,0,G4,zero,burned,,crustose
R3/R1,290,10,60,5,Leca_disp,0,G5,zero,burned,,crustose
R3/R1,290,10,60,5,Rhiz_obs,0,G1,zero,burned,ex Rhizocarpon gris,crustose
R3/R1,290,10,60,5,Rhiz_obs,0,G2,zero,burned,,crustose
R3/R1,290,10,60,5,Rhiz_obs,0,G3,zero,burned,,crustose
R3/R1,290,10,60,5,Rhiz_obs,0,G4,zero,burned,,crustose
R3/R1,290,10,60,5,Rhiz_obs,14,G5,not_damaged,burned,,crustose
R3/R1,290,10,60,5,Dipl_dia,0,G1,zero,burned,ex Crustoso gris apotecios urceolados,crustose
R3/R1,290,10,60,5,Dipl_dia,0,G2,zero,burned,,crustose
R3/R1,290,10,60,5,Dipl_dia,0,G3,zero,burned,,crustose
R3/R1,290,10,60,5,Dipl_dia,0,G4,zero,burned,,crustose
R3/R1,290,10,60,5,Dipl_dia,3,G5,not_damaged,burned,,crustose
R10,180,80,0,80,Xan_far,4,G1,damaged,burned,"Totally burned, ID not possible",foliose
R10,180,80,0,80,Xan_far,7,G2,damaged,burned,,foliose
R10,180,80,0,80,Xan_far,0,G3,zero,burned,,foliose
R10,180,80,0,80,Xan_far,21,G4,damaged,burned,,foliose
R10,180,80,0,80,Xan_far,2,G5,damaged,burned,,foliose
R10,180,80,0,80,Parm_ret,12,G1,damaged,burned,,foliose
R10,180,80,0,80,Parm_ret,3,G2,damaged,burned,,foliose
R10,180,80,0,80,Parm_ret,10,G3,damaged,burned,,foliose
R10,180,80,0,80,Parm_ret,2,G4,damaged,burned,,foliose
R10,180,80,0,80,Parm_ret,6,G5,damaged,burned,,foliose
R10,180,80,0,80,Psi_dis,3,G1,damaged,burned,,foliose
R10,180,80,0,80,Psi_dis,3,G2,damaged,burned,,foliose
R10,180,80,0,80,Psi_dis,2,G3,not_damaged,burned,,foliose
R10,180,80,0,80,Psi_dis,2,G4,damaged,burned,,foliose
R10,180,80,0,80,Psi_dis,0,G5,zero,burned,,foliose
R10,180,80,0,80,Punc_st,4,G1,damaged,burned,,foliose
R10,180,80,0,80,Punc_st,0,G2,zero,burned,,foliose
R10,180,80,0,80,Punc_st,0,G3,zero,burned,,foliose
R10,180,80,0,80,Punc_st,0,G4,zero,burned,,foliose
R10,180,80,0,80,Punc_st,0,G5,zero,burned,,foliose
R10,180,80,0,80,Punc_perr,4,G1,damaged,burned,Punctelia marrón,foliose
R10,180,80,0,80,Punc_perr,5,G2,damaged,burned,,foliose
R10,180,80,0,80,Punc_perr,0,G3,zero,burned,,foliose
R10,180,80,0,80,Punc_perr,0,G4,zero,burned,,foliose
R10,180,80,0,80,Punc_perr,0,G5,zero,burned,,foliose
R10,180,80,0,80,Umb_pol,4,G1,damaged,burned,,foliose
R10,180,80,0,80,Umb_pol,5,G2,damaged,burned,,foliose
R10,180,80,0,80,Umb_pol,0,G3,zero,burned,,foliose
R10,180,80,0,80,Umb_pol,0,G4,zero,burned,,foliose
R10,180,80,0,80,Umb_pol,0,G5,zero,burned,,foliose
R10,180,80,0,80,Hyp_sp,2,G1,not_damaged,burned,,foliose
R10,180,80,0,80,Hyp_sp,0,G2,zero,burned,,foliose
R10,180,80,0,80,Hyp_sp,1,G3,not_damaged,burned,,foliose
R10,180,80,0,80,Hyp_sp,1,G4,not_damaged,burned,,foliose
R10,180,80,0,80,Hyp_sp,1,G5,not_damaged,burned,,foliose
R10,180,80,0,80,Aca_lorz,1,G1,not_damaged,burned,,crustose
R10,180,80,0,80,Aca_lorz,8,G2,not_damaged,burned,,crustose
R10,180,80,0,80,Aca_lorz,0,G3,zero,burned,,crustose
R10,180,80,0,80,Aca_lorz,0,G4,zero,burned,,crustose
R10,180,80,0,80,Aca_lorz,0,G5,zero,burned,,crustose
R10,180,80,0,80,Ste_ram,2,G1,not_damaged,burned,,fruticose
R10,180,80,0,80,Ste_ram,3,G2,not_damaged,burned,,fruticose
R10,180,80,0,80,Ste_ram,1,G3,not_damaged,burned,,fruticose
R10,180,80,0,80,Ste_ram,2,G4,not_damaged,burned,,fruticose
R10,180,80,0,80,Ste_ram,0,G5,zero,burned,,fruticose
R10,180,80,0,80,Usn_amb,6,G1,damaged,burned,Carbonized ID not possible,fruticose
R10,180,80,0,80,Usn_amb,9,G2,not_damaged,burned,,fruticose
R10,180,80,0,80,Usn_amb,9,G3,not_damaged,burned,,fruticose
R10,180,80,0,80,Usn_amb,15,G4,not_damaged,burned,,fruticose
R10,180,80,0,80,Usn_amb,6,G5,not_damaged,burned,,fruticose
R10,180,80,0,80,Ram_pui,1,G1,not_damaged,burned,,fruticose
R10,180,80,0,80,Ram_pui,0,G2,zero,burned,,fruticose
R10,180,80,0,80,Ram_pui,0,G3,zero,burned,,fruticose
R10,180,80,0,80,Ram_pui,2,G4,not_damaged,burned,,fruticose
R10,180,80,0,80,Ram_pui,4,G5,damaged,burned,,fruticose
R10,180,80,0,80,Bue_aeth,0,G1,zero,burned,,crustose
R10,180,80,0,80,Bue_aeth,3,G2,not_damaged,burned,,crustose
R10,180,80,0,80,Bue_aeth,1,G3,not_damaged,burned,,crustose
R10,180,80,0,80,Bue_aeth,0,G4,zero,burned,,crustose
R10,180,80,0,80,Bue_aeth,0,G5,zero,burned,,crustose
R10,180,80,0,80,Cand_vit,0,G1,zero,burned,,crustose
R10,180,80,0,80,Cand_vit,6,G2,not_damaged,burned,,crustose
R10,180,80,0,80,Cand_vit,2,G3,not_damaged,burned,,crustose
R10,180,80,0,80,Cand_vit,0,G4,zero,burned,,crustose
R10,180,80,0,80,Cand_vit,2,G5,not_damaged,burned,,crustose
R10,180,80,0,80,Pert_cor,0,G1,zero,burned,,crustose
R10,180,80,0,80,Pert_cor,10,G2,not_damaged,burned,,crustose
R10,180,80,0,80,Pert_cor,6,G3,not_damaged,burned,,crustose
R10,180,80,0,80,Pert_cor,0,G4,zero,burned,,crustose
R10,180,80,0,80,Pert_cor,7,G5,not_damaged,burned,,crustose
R10,180,80,0,80,Leca_disp,0,G1,zero,burned,,crustose
R10,180,80,0,80,Leca_disp,0,G2,zero,burned,,crustose
R10,180,80,0,80,Leca_disp,0,G3,zero,burned,,crustose
R10,180,80,0,80,Leca_disp,0,G4,zero,burned,,crustose
R10,180,80,0,80,Leca_disp,4,G5,not_damaged,burned,,crustose
R9,360,5,10,10,lichen_cov,95,G1,NA,burned,,NA
R9,360,5,10,10,lichen_cov,70,G2,NA,burned,,NA
R9,360,5,10,10,lichen_cov,70,G3,NA,burned,,NA
R9,360,5,10,10,lichen_cov,70,G4,NA,burned,,NA
R9,360,5,10,10,lichen_cov,5,G5,NA,burned,,NA
R9,360,5,10,10,rock_cov,5,G1,NA,burned,,NA
R9,360,5,10,10,rock_cov,30,G2,NA,burned,,NA
R9,360,5,10,10,rock_cov,30,G3,NA,burned,,NA
R9,360,5,10,10,rock_cov,30,G4,NA,burned,,NA
R9,360,5,10,10,rock_cov,95,G5,NA,burned,,NA
R9,360,5,10,10,moss_cov,0,G1,zero,burned,,NA
R9,360,5,10,10,moss_cov,0,G2,zero,burned,,NA
R9,360,5,10,10,moss_cov,0,G3,zero,burned,,NA
R9,360,5,10,10,moss_cov,0,G4,zero,burned,,NA
R9,360,5,10,10,moss_cov,0,G5,zero,burned,,NA
R9,360,5,10,10,Xan_submou,21,G1,not_damaged,burned,,foliose
R9,360,5,10,10,Xan_submou,18,G2,not_damaged,burned,,foliose
R9,360,5,10,10,Xan_submou,10,G3,not_damaged,burned,,foliose
R9,360,5,10,10,Xan_submou,5,G4,not_damaged,burned,,foliose
R9,360,5,10,10,Xan_submou,0,G5,zero,burned,,foliose
R9,360,5,10,10,Umb_pol,3,G1,not_damaged,burned,,foliose
R9,360,5,10,10,Umb_pol,0,G2,zero,burned,,foliose
R9,360,5,10,10,Umb_pol,2,G3,not_damaged,burned,,foliose
R9,360,5,10,10,Umb_pol,15,G4,damaged,burned,,foliose
R9,360,5,10,10,Umb_pol,0,G5,zero,burned,,foliose
R9,360,5,10,10,Punc_perr,3,G1,damaged,burned,"Punctelia gris = R1, ID",foliose
R9,360,5,10,10,Punc_perr,5,G2,damaged,burned,,foliose
R9,360,5,10,10,Punc_perr,10,G3,damaged,burned,,foliose
R9,360,5,10,10,Punc_perr,0,G4,zero,burned,,foliose
R9,360,5,10,10,Punc_perr,0,G5,zero,burned,,foliose
R9,360,5,10,10,Xan_imi,5,G1,not_damaged,burned,,foliose
R9,360,5,10,10,Xan_imi,0,G2,zero,burned,,foliose
R9,360,5,10,10,Xan_imi,2,G3,not_damaged,burned,,foliose
R9,360,5,10,10,Xan_imi,2,G4,not_damaged,burned,,foliose
R9,360,5,10,10,Xan_imi,0,G5,zero,burned,,foliose
R9,360,5,10,10,Cand_vit,13,G1,not_damaged,burned,,crustose
R9,360,5,10,10,Cand_vit,2,G2,not_damaged,burned,,crustose
R9,360,5,10,10,Cand_vit,0,G3,zero,burned,,crustose
R9,360,5,10,10,Cand_vit,4,G4,not_damaged,burned,,crustose
R9,360,5,10,10,Cand_vit,3,G5,not_damaged,burned,,crustose
R9,360,5,10,10,Leca_disp,16,G1,not_damaged,burned,,crustose
R9,360,5,10,10,Leca_disp,3,G2,not_damaged,burned,,crustose
R9,360,5,10,10,Leca_disp,8,G3,not_damaged,burned,,crustose
R9,360,5,10,10,Leca_disp,5,G4,not_damaged,burned,,crustose
R9,360,5,10,10,Leca_disp,0,G5,zero,burned,,crustose
R9,360,5,10,10,Usn_amb,6,G1,damaged,burned,,fruticose
R9,360,5,10,10,Usn_amb,8,G2,damaged,burned,,fruticose
R9,360,5,10,10,Usn_amb,2,G3,damaged,burned,,fruticose
R9,360,5,10,10,Usn_amb,3,G4,damaged,burned,,fruticose
R9,360,5,10,10,Usn_amb,0,G5,zero,burned,,fruticose
R9,360,5,10,10,Pert_sp2,0,G1,zero,burned,ex Pertusaria estéril,crustose
R9,360,5,10,10,Pert_sp2,6,G2,not_damaged,burned,,crustose
R9,360,5,10,10,Pert_sp2,0,G3,zero,burned,,crustose
R9,360,5,10,10,Pert_sp2,0,G4,zero,burned,,crustose
R9,360,5,10,10,Pert_sp2,0,G5,zero,burned,,crustose
R9,360,5,10,10,Bue_aeth,0,G1,zero,burned,,crustose
R9,360,5,10,10,Bue_aeth,0,G2,zero,burned,,crustose
R9,360,5,10,10,Bue_aeth,0,G3,zero,burned,,crustose
R9,360,5,10,10,Bue_aeth,2,G4,not_damaged,burned,,crustose
R9,360,5,10,10,Bue_aeth,0,G5,zero,burned,,crustose
R9,360,5,10,10,Punc_sp,0,G1,zero,burned,,foliose
R9,360,5,10,10,Punc_sp,0,G2,zero,burned,,foliose
R9,360,5,10,10,Punc_sp,0,G3,zero,burned,,foliose
R9,360,5,10,10,Punc_sp,0,G4,zero,burned,,foliose
R9,360,5,10,10,Punc_sp,3,G5,damaged,burned,,foliose
R8,220,70,50,30,lichen_cov,20,G1,NA,burned,,NA
R8,220,70,50,30,lichen_cov,20,G2,NA,burned,,NA
R8,220,70,50,30,lichen_cov,50,G3,NA,burned,,NA
R8,220,70,50,30,lichen_cov,80,G4,NA,burned,,NA
R8,220,70,50,30,lichen_cov,30,G5,NA,burned,,NA
R8,220,70,50,30,rock_cov,80,G1,NA,burned,,NA
R8,220,70,50,30,rock_cov,80,G2,NA,burned,,NA
R8,220,70,50,30,rock_cov,50,G3,NA,burned,,NA
R8,220,70,50,30,rock_cov,20,G4,NA,burned,,NA
R8,220,70,50,30,rock_cov,65,G5,NA,burned,,NA
R8,220,70,50,30,moss_cov,0,G1,zero,burned,,NA
R8,220,70,50,30,moss_cov,0,G2,zero,burned,,NA
R8,220,70,50,30,moss_cov,0,G3,zero,burned,,NA
R8,220,70,50,30,moss_cov,0,G4,zero,burned,,NA
R8,220,70,50,30,moss_cov,5,G5,NA,burned,,NA
R8,220,70,50,30,Parm_ret,7,G1,damaged,burned,,foliose
R8,220,70,50,30,Parm_ret,4,G2,damaged,burned,,foliose
R8,220,70,50,30,Parm_ret,6,G3,damaged,burned,,foliose
R8,220,70,50,30,Parm_ret,2,G4,damaged,burned,,foliose
R8,220,70,50,30,Parm_ret,21,G5,damaged,burned,,foliose
R8,220,70,50,30,Leca_lab,2,G1,damaged,burned,,crustose
R8,220,70,50,30,Leca_lab,3,G2,damaged,burned,,crustose
R8,220,70,50,30,Leca_lab,2,G3,damaged,burned,,crustose
R8,220,70,50,30,Leca_lab,0,G4,zero,burned,,crustose
R8,220,70,50,30,Leca_lab,2,G5,damaged,burned,,crustose
R8,220,70,50,30,Hyp_sp,0,G1,zero,burned,Hypotrachyna dudosa VER,foliose
R8,220,70,50,30,Hyp_sp,1,G2,not_damaged,burned,,foliose
R8,220,70,50,30,Hyp_sp,1,G3,not_damaged,burned,,foliose
R8,220,70,50,30,Hyp_sp,0,G4,zero,burned,,foliose
R8,220,70,50,30,Hyp_sp,0,G5,zero,burned,,foliose
R8,220,70,50,30,Haem_fenz,0,G1,zero,burned,,crustose
R8,220,70,50,30,Haem_fenz,0,G2,zero,burned,,crustose
R8,220,70,50,30,Haem_fenz,13,G3,damaged,burned,,crustose
R8,220,70,50,30,Haem_fenz,2,G4,damaged,burned,,crustose
R8,220,70,50,30,Haem_fenz,2,G5,damaged,burned,,crustose
R8,220,70,50,30,Pert_sp2,0,G1,zero,burned,,crustose
R8,220,70,50,30,Pert_sp2,0,G2,zero,burned,,crustose
R8,220,70,50,30,Pert_sp2,6,G3,damaged,burned,,crustose
R8,220,70,50,30,Pert_sp2,3,G4,damaged,burned,,crustose
R8,220,70,50,30,Pert_sp2,4,G5,damaged,burned,,crustose
R8,220,70,50,30,Leca_disp,0,G1,zero,burned,,crustose
R8,220,70,50,30,Leca_disp,0,G2,zero,burned,,crustose
R8,220,70,50,30,Leca_disp,0,G3,zero,burned,,crustose
R8,220,70,50,30,Leca_disp,7,G4,not_damaged,burned,,crustose
R8,220,70,50,30,Leca_disp,1,G5,not_damaged,burned,,crustose
R8,220,70,50,30,Bue_aeth,0,G1,zero,burned,,crustose
R8,220,70,50,30,Bue_aeth,0,G2,zero,burned,,crustose
R8,220,70,50,30,Bue_aeth,0,G3,zero,burned,,crustose
R8,220,70,50,30,Bue_aeth,19,G4,not_damaged,burned,,crustose
R8,220,70,50,30,Bue_aeth,0,G5,zero,burned,,crustose
R8,220,70,50,30,Bue_sulp,0,G1,zero,burned,,crustose
R8,220,70,50,30,Bue_sulp,0,G2,zero,burned,,crustose
R8,220,70,50,30,Bue_sulp,0,G3,zero,burned,,crustose
R8,220,70,50,30,Bue_sulp,3,G4,not_damaged,burned,,crustose
R8,220,70,50,30,Bue_sulp,0,G5,zero,burned,,crustose
R8,220,70,50,30,Usn_sp,0,G1,zero,burned,Carbonized ID not possible,fruticose
R8,220,70,50,30,Usn_sp,0,G2,zero,burned,,fruticose
R8,220,70,50,30,Usn_sp,0,G3,zero,burned,,fruticose
R8,220,70,50,30,Usn_sp,2,G4,damaged,burned,,fruticose
R8,220,70,50,30,Usn_sp,0,G5,zero,burned,,fruticose
R4,0,5,3,30,lichen_cov,90,G1,NA,burned,,NA
R4,0,5,3,30,lichen_cov,90,G2,NA,burned,,NA
R4,0,5,3,30,lichen_cov,90,G3,NA,burned,,NA
R4,0,5,3,30,lichen_cov,80,G4,NA,burned,,NA
R4,0,5,3,30,lichen_cov,80,G5,NA,burned,,NA
R4,0,5,3,30,rock_cov,5,G1,NA,burned,,NA
R4,0,5,3,30,rock_cov,10,G2,NA,burned,,NA
R4,0,5,3,30,rock_cov,10,G3,NA,burned,,NA
R4,0,5,3,30,rock_cov,10,G4,NA,burned,,NA
R4,0,5,3,30,rock_cov,10,G5,NA,burned,,NA
R4,0,5,3,30,moss_cov,5,G1,NA,burned,,NA
R4,0,5,3,30,moss_cov,0,G2,zero,burned,,NA
R4,0,5,3,30,moss_cov,0,G3,zero,burned,,NA
R4,0,5,3,30,moss_cov,10,G4,NA,burned,,NA
R4,0,5,3,30,moss_cov,10,G5,NA,burned,,NA
R4,0,5,3,30,Xan_micr,17,G1,not_damaged,burned,,foliose
R4,0,5,3,30,Xan_micr,21,G2,not_damaged,burned,,foliose
R4,0,5,3,30,Xan_micr,13,G3,not_damaged,burned,,foliose
R4,0,5,3,30,Xan_micr,4,G4,not_damaged,burned,,foliose
R4,0,5,3,30,Xan_micr,11,G5,not_damaged,burned,,foliose
R4,0,5,3,30,Punc_perr,2,G1,not_damaged,burned,Punctelia gris ID,foliose
R4,0,5,3,30,Punc_perr,2,G2,not_damaged,burned,,foliose
R4,0,5,3,30,Punc_perr,2,G3,not_damaged,burned,,foliose
R4,0,5,3,30,Punc_perr,0,G4,zero,burned,,foliose
R4,0,5,3,30,Punc_perr,6,G5,not_damaged,burned,,foliose
R4,0,5,3,30,Cand_vit,19,G1,not_damaged,burned,,crustose
R4,0,5,3,30,Cand_vit,17,G2,not_damaged,burned,,crustose
R4,0,5,3,30,Cand_vit,19,G3,not_damaged,burned,,crustose
R4,0,5,3,30,Cand_vit,3,G4,not_damaged,burned,,crustose
R4,0,5,3,30,Cand_vit,3,G5,not_damaged,burned,,crustose
R4,0,5,3,30,Bue_aeth,2,G1,not_damaged,burned,,crustose
R4,0,5,3,30,Bue_aeth,3,G2,not_damaged,burned,,crustose
R4,0,5,3,30,Bue_aeth,0,G3,zero,burned,,crustose
R4,0,5,3,30,Bue_aeth,0,G4,zero,burned,,crustose
R4,0,5,3,30,Bue_aeth,0,G5,zero,burned,,crustose
R4,0,5,3,30,Leca_disp,8,G1,not_damaged,burned,,crustose
R4,0,5,3,30,Leca_disp,8,G2,not_damaged,burned,,crustose
R4,0,5,3,30,Leca_disp,5,G3,not_damaged,burned,,crustose
R4,0,5,3,30,Leca_disp,1,G4,not_damaged,burned,,crustose
R4,0,5,3,30,Leca_disp,1,G5,not_damaged,burned,,crustose
R4,0,5,3,30,Pert_cor,1,G1,not_damaged,burned,,crustose
R4,0,5,3,30,Pert_cor,0,G2,zero,burned,,crustose
R4,0,5,3,30,Pert_cor,14,G3,not_damaged,burned,,crustose
R4,0,5,3,30,Pert_cor,0,G4,zero,burned,,crustose
R4,0,5,3,30,Pert_cor,0,G5,zero,burned,,crustose
R4,0,5,3,30,Rhiz_obs,0,G1,zero,burned,,crustose
R4,0,5,3,30,Rhiz_obs,4,G2,not_damaged,burned,,crustose
R4,0,5,3,30,Rhiz_obs,0,G3,zero,burned,,crustose
R4,0,5,3,30,Rhiz_obs,0,G4,zero,burned,,crustose
R4,0,5,3,30,Rhiz_obs,0,G5,zero,burned,,crustose
R4,0,5,3,30,Xan_imi,0,G1,zero,burned,,foliose
R4,0,5,3,30,Xan_imi,5,G2,not_damaged,burned,,foliose
R4,0,5,3,30,Xan_imi,5,G3,not_damaged,burned,,foliose
R4,0,5,3,30,Xan_imi,0,G4,zero,burned,,foliose
R4,0,5,3,30,Xan_imi,0,G5,zero,burned,,foliose
R4,0,5,3,30,Usn_amb,0,G1,zero,burned,,fruticose
R4,0,5,3,30,Usn_amb,2,G2,not_damaged,burned,,fruticose
R4,0,5,3,30,Usn_amb,0,G3,zero,burned,,fruticose
R4,0,5,3,30,Usn_amb,0,G4,zero,burned,,fruticose
R4,0,5,3,30,Usn_amb,0,G5,zero,burned,,fruticose
R4,0,5,3,30,Usn_sax,0,G1,zero,burned,,fruticose
R4,0,5,3,30,Usn_sax,3,G2,not_damaged,burned,,fruticose
R4,0,5,3,30,Usn_sax,9,G3,not_damaged,burned,,fruticose
R4,0,5,3,30,Usn_sax,1,G4,not_damaged,burned,,fruticose
R4,0,5,3,30,Usn_sax,1,G5,not_damaged,burned,,fruticose
R4,0,5,3,30,Punc_sp,0,G1,zero,burned,,foliose
R4,0,5,3,30,Punc_sp,0,G2,zero,burned,,foliose
R4,0,5,3,30,Punc_sp,0,G3,zero,burned,,foliose
R4,0,5,3,30,Punc_sp,26,G4,not_damaged,burned,,foliose
R4,0,5,3,30,Punc_sp,7,G5,not_damaged,burned,punc_perr_VER,foliose
R4,0,5,3,30,Punc_st,0,G1,zero,burned,punc_perr_VER,foliose
R4,0,5,3,30,Punc_st,0,G2,zero,burned,punc_perr_VER,foliose
R4,0,5,3,30,Punc_st,0,G3,zero,burned,punc_perr_VER,foliose
R4,0,5,3,30,Punc_st,0,G4,zero,burned,punc_perr_VER,foliose
R4,0,5,3,30,Punc_st,3,G5,not_damaged,burned,,foliose
R5,150,15,0,30,lichen_cov,95,G1,NA,burned,,NA
R5,150,15,0,30,lichen_cov,98,G2,NA,burned,,NA
R5,150,15,0,30,lichen_cov,70,G3,NA,burned,,NA
R5,150,15,0,30,lichen_cov,90,G4,NA,burned,,NA
R5,150,15,0,30,lichen_cov,90,G5,NA,burned,,NA
R5,150,15,0,30,rock_cov,5,G1,NA,burned,,NA
R5,150,15,0,30,rock_cov,2,G2,NA,burned,,NA
R5,150,15,0,30,rock_cov,30,G3,NA,burned,,NA
R5,150,15,0,30,rock_cov,10,G4,NA,burned,,NA
R5,150,15,0,30,rock_cov,10,G5,NA,burned,,NA
R5,150,15,0,30,moss_cov,0,G1,zero,burned,,NA
R5,150,15,0,30,moss_cov,0,G2,zero,burned,,NA
R5,150,15,0,30,moss_cov,0,G3,zero,burned,,NA
R5,150,15,0,30,moss_cov,0,G4,zero,burned,,NA
R5,150,15,0,30,moss_cov,0,G5,zero,burned,,NA
R5,150,15,0,30,Xan_ulc,18,G1,not_damaged,burned,,foliose
R5,150,15,0,30,Xan_ulc,12,G2,not_damaged,burned,,foliose
R5,150,15,0,30,Xan_ulc,5,G3,not_damaged,burned,,foliose
R5,150,15,0,30,Xan_ulc,7,G4,not_damaged,burned,,foliose
R5,150,15,0,30,Xan_ulc,15,G5,not_damaged,burned,,foliose
R5,150,15,0,30,Punc_perr,2,G1,not_damaged,burned,,foliose
R5,150,15,0,30,Punc_perr,0,G2,zero,burned,,foliose
R5,150,15,0,30,Punc_perr,0,G3,zero,burned,,foliose
R5,150,15,0,30,Punc_perr,0,G4,zero,burned,,foliose
R5,150,15,0,30,Punc_perr,2,G5,not_damaged,burned,,foliose
R5,150,15,0,30,Punc_sp,3,G1,not_damaged,burned,,foliose
R5,150,15,0,30,Punc_sp,2,G2,not_damaged,burned,,foliose
R5,150,15,0,30,Punc_sp,0,G3,zero,burned,,foliose
R5,150,15,0,30,Punc_sp,2,G4,not_damaged,burned,,foliose
R5,150,15,0,30,Punc_sp,5,G5,not_damaged,burned,,foliose
R5,150,15,0,30,Punc_st,1,G1,not_damaged,burned,,foliose
R5,150,15,0,30,Punc_st,0,G2,zero,burned,,foliose
R5,150,15,0,30,Punc_st,2,G3,not_damaged,burned,,foliose
R5,150,15,0,30,Punc_st,1,G4,not_damaged,burned,,foliose
R5,150,15,0,30,Punc_st,2,G5,not_damaged,burned,,foliose
R5,150,15,0,30,Umb_pol,13,G1,not_damaged,burned,,foliose
R5,150,15,0,30,Umb_pol,14,G2,not_damaged,burned,,foliose
R5,150,15,0,30,Umb_pol,3,G3,not_damaged,burned,,foliose
R5,150,15,0,30,Umb_pol,2,G4,not_damaged,burned,,foliose
R5,150,15,0,30,Umb_pol,4,G5,not_damaged,burned,,foliose
R5,150,15,0,30,Xan_imi,9,G1,not_damaged,burned,,foliose
R5,150,15,0,30,Xan_imi,4,G2,not_damaged,burned,,foliose
R5,150,15,0,30,Xan_imi,4,G3,not_damaged,burned,,foliose
R5,150,15,0,30,Xan_imi,11,G4,not_damaged,burned,,foliose
R5,150,15,0,30,Xan_imi,9,G5,not_damaged,burned,,foliose
R5,150,15,0,30,Cand_vit,14,G1,not_damaged,burned,,crustose
R5,150,15,0,30,Cand_vit,12,G2,not_damaged,burned,,crustose
R5,150,15,0,30,Cand_vit,13,G3,not_damaged,burned,,crustose
R5,150,15,0,30,Cand_vit,12,G4,not_damaged,burned,,crustose
R5,150,15,0,30,Cand_vit,5,G5,not_damaged,burned,,crustose
R5,150,15,0,30,Bue_aeth,5,G1,not_damaged,burned,,crustose
R5,150,15,0,30,Bue_aeth,0,G2,zero,burned,,crustose
R5,150,15,0,30,Bue_aeth,0,G3,zero,burned,,crustose
R5,150,15,0,30,Bue_aeth,0,G4,zero,burned,,crustose
R5,150,15,0,30,Bue_aeth,0,G5,zero,burned,,crustose
R5,150,15,0,30,Leca_disp,2,G1,not_damaged,burned,,crustose
R5,150,15,0,30,Leca_disp,2,G2,not_damaged,burned,,crustose
R5,150,15,0,30,Leca_disp,4,G3,not_damaged,burned,,crustose
R5,150,15,0,30,Leca_disp,5,G4,not_damaged,burned,,crustose
R5,150,15,0,30,Leca_disp,3,G5,not_damaged,burned,,crustose
R5,150,15,0,30,Calo_sid,1,G1,not_damaged,burned,,crustose
R5,150,15,0,30,Calo_sid,0,G2,zero,burned,,crustose
R5,150,15,0,30,Calo_sid,0,G3,zero,burned,,crustose
R5,150,15,0,30,Calo_sid,0,G4,zero,burned,,crustose
R5,150,15,0,30,Calo_sid,0,G5,zero,burned,,crustose
R5,150,15,0,30,Telo_nod,1,G1,not_damaged,burned,,fruticose
R5,150,15,0,30,Telo_nod,0,G2,zero,burned,,fruticose
R5,150,15,0,30,Telo_nod,0,G3,zero,burned,,fruticose
R5,150,15,0,30,Telo_nod,0,G4,zero,burned,,fruticose
R5,150,15,0,30,Telo_nod,0,G5,zero,burned,,fruticose
R5,150,15,0,30,Usn_amb,25,G1,not_damaged,burned,,fruticose
R5,150,15,0,30,Usn_amb,17,G2,not_damaged,burned,,fruticose
R5,150,15,0,30,Usn_amb,17,G3,not_damaged,burned,,fruticose
R5,150,15,0,30,Usn_amb,18,G4,not_damaged,burned,,fruticose
R5,150,15,0,30,Usn_amb,4,G5,not_damaged,burned,,fruticose
R5,150,15,0,30,Pert_cor,0,G1,zero,burned,,crustose
R5,150,15,0,30,Pert_cor,4,G2,not_damaged,burned,,crustose
R5,150,15,0,30,Pert_cor,14,G3,not_damaged,burned,,crustose
R5,150,15,0,30,Pert_cor,0,G4,zero,burned,,crustose
R5,150,15,0,30,Pert_cor,7,G5,not_damaged,burned,,crustose
R5,150,15,0,30,Rhiz_geo,0,G1,zero,burned,,crustose
R5,150,15,0,30,Rhiz_geo,2,G2,not_damaged,burned,,crustose
R5,150,15,0,30,Rhiz_geo,0,G3,zero,burned,,crustose
R5,150,15,0,30,Rhiz_geo,0,G4,zero,burned,,crustose
R5,150,15,0,30,Rhiz_geo,0,G5,zero,burned,,crustose
R5,150,15,0,30,Rhiz_obs,0,G1,zero,burned,,crustose
R5,150,15,0,30,Rhiz_obs,0,G2,zero,burned,,crustose
R5,150,15,0,30,Rhiz_obs,0,G3,zero,burned,,crustose
R5,150,15,0,30,Rhiz_obs,0,G4,zero,burned,,crustose
R5,150,15,0,30,Rhiz_obs,3,G5,not_damaged,burned,,crustose
R6,210,5,0,10,lichen_cov,90,G1,NA,burned,,NA
R6,210,5,0,10,lichen_cov,80,G2,NA,burned,,NA
R6,210,5,0,10,lichen_cov,70,G3,NA,burned,,NA
R6,210,5,0,10,lichen_cov,60,G4,NA,burned,,NA
R6,210,5,0,10,lichen_cov,10,G5,NA,burned,,NA
R6,210,5,0,10,rock_cov,10,G1,NA,burned,,NA
R6,210,5,0,10,rock_cov,20,G2,NA,burned,,NA
R6,210,5,0,10,rock_cov,20,G3,NA,burned,,NA
R6,210,5,0,10,rock_cov,40,G4,NA,burned,,NA
R6,210,5,0,10,rock_cov,90,G5,NA,burned,,NA
R6,210,5,0,10,moss_cov,0,G1,zero,burned,,NA
R6,210,5,0,10,moss_cov,0,G2,zero,burned,,NA
R6,210,5,0,10,moss_cov,10,G3,NA,burned,,NA
R6,210,5,0,10,moss_cov,0,G4,zero,burned,,NA
R6,210,5,0,10,moss_cov,0,G5,zero,burned,,NA
R6,210,5,0,10,Xan_ulc,18,G1,damaged,burned,,foliose
R6,210,5,0,10,Xan_ulc,13,G2,damaged,burned,,foliose
R6,210,5,0,10,Xan_ulc,0,G3,zero,burned,,foliose
R6,210,5,0,10,Xan_ulc,12,G4,damaged,burned,,foliose
R6,210,5,0,10,Xan_ulc,0,G5,zero,burned,,foliose
R6,210,5,0,10,Umb_pol,9,G1,not_damaged,burned,,foliose
R6,210,5,0,10,Umb_pol,0,G2,zero,burned,,foliose
R6,210,5,0,10,Umb_pol,0,G3,zero,burned,,foliose
R6,210,5,0,10,Umb_pol,0,G4,zero,burned,,foliose
R6,210,5,0,10,Umb_pol,2,G5,damaged,burned,,foliose
R6,210,5,0,10,Punc_st,2,G1,not_damaged,burned,,foliose
R6,210,5,0,10,Punc_st,0,G2,zero,burned,,foliose
R6,210,5,0,10,Punc_st,0,G3,zero,burned,,foliose
R6,210,5,0,10,Punc_st,0,G4,zero,burned,,foliose
R6,210,5,0,10,Punc_st,0,G5,zero,burned,,foliose
R6,210,5,0,10,Cand_vit,5,G1,not_damaged,burned,,crustose
R6,210,5,0,10,Cand_vit,9,G2,not_damaged,burned,,crustose
R6,210,5,0,10,Cand_vit,2,G3,not_damaged,burned,,crustose
R6,210,5,0,10,Cand_vit,2,G4,not_damaged,burned,,crustose
R6,210,5,0,10,Cand_vit,3,G5,not_damaged,burned,,crustose
R6,210,5,0,10,Leca_disp,18,G1,not_damaged,burned,,crustose
R6,210,5,0,10,Leca_disp,10,G2,not_damaged,burned,,crustose
R6,210,5,0,10,Leca_disp,1,G3,not_damaged,burned,,crustose
R6,210,5,0,10,Leca_disp,2,G4,damaged,burned,,crustose
R6,210,5,0,10,Leca_disp,5,G5,damaged,burned,,crustose
R6,210,5,0,10,Usn_amb,10,G1,damaged,burned,carbonized ID not possible,fruticose
R6,210,5,0,10,Usn_amb,9,G2,damaged,burned,carbonized ID not possible,fruticose
R6,210,5,0,10,Usn_amb,11,G3,damaged,burned,carbonized ID not possible,fruticose
R6,210,5,0,10,Usn_amb,8,G4,damaged,burned,carbonized ID not possible,fruticose
R6,210,5,0,10,Usn_amb,0,G5,zero,burned,carbonized ID not possible,fruticose
R6,210,5,0,10,Xan_micr,0,G1,zero,burned,,foliose
R6,210,5,0,10,Xan_micr,2,G2,not_damaged,burned,,foliose
R6,210,5,0,10,Xan_micr,9,G3,not_damaged,burned,,foliose
R6,210,5,0,10,Xan_micr,0,G4,zero,burned,,foliose
R6,210,5,0,10,Xan_micr,0,G5,zero,burned,,foliose
R6,210,5,0,10,Punc_perr,0,G1,zero,burned,,foliose
R6,210,5,0,10,Punc_perr,4,G2,not_damaged,burned,,foliose
R6,210,5,0,10,Punc_perr,0,G3,zero,burned,,foliose
R6,210,5,0,10,Punc_perr,5,G4,not_damaged,burned,,foliose
R6,210,5,0,10,Punc_perr,0,G5,zero,burned,,foliose
R6,210,5,0,10,Bue_sulp,0,G1,zero,burned,,crustose
R6,210,5,0,10,Bue_sulp,3,G2,not_damaged,burned,,crustose
R6,210,5,0,10,Bue_sulp,0,G3,zero,burned,,crustose
R6,210,5,0,10,Bue_sulp,0,G4,zero,burned,,crustose
R6,210,5,0,10,Bue_sulp,0,G5,zero,burned,,crustose
R6,210,5,0,10,Telo_nod,0,G1,zero,burned,,fruticose
R6,210,5,0,10,Telo_nod,2,G2,not_damaged,burned,,fruticose
R6,210,5,0,10,Telo_nod,5,G3,not_damaged,burned,,fruticose
R6,210,5,0,10,Telo_nod,4,G4,damaged,burned,,fruticose
R6,210,5,0,10,Telo_nod,0,G5,zero,burned,,fruticose
R6,210,5,0,10,Calo_sid,0,G1,zero,burned,,crustose
R6,210,5,0,10,Calo_sid,0,G2,zero,burned,,crustose
R6,210,5,0,10,Calo_sid,0,G3,zero,burned,,crustose
R6,210,5,0,10,Calo_sid,2,G4,not_damaged,burned,,crustose
R6,210,5,0,10,Calo_sid,0,G5,zero,burned,,crustose
R19,0,70,40,5,lichen_cov,90,G1,NA,not_burned,,NA
R19,0,70,40,5,lichen_cov,97,G2,NA,not_burned,,NA
R19,0,70,40,5,lichen_cov,97,G3,NA,not_burned,,NA
R19,0,70,40,5,lichen_cov,95,G4,NA,not_burned,,NA
R19,0,70,40,5,lichen_cov,70,G5,NA,not_burned,,NA
R19,0,70,40,5,rock_cov,10,G1,NA,not_burned,,NA
R19,0,70,40,5,rock_cov,3,G2,NA,not_burned,,NA
R19,0,70,40,5,rock_cov,3,G3,NA,not_burned,,NA
R19,0,70,40,5,rock_cov,5,G4,NA,not_burned,,NA
R19,0,70,40,5,rock_cov,30,G5,NA,not_burned,,NA
R19,0,70,40,5,moss_cov,0,G1,zero,not_burned,,NA
R19,0,70,40,5,moss_cov,0,G2,zero,not_burned,,NA
R19,0,70,40,5,moss_cov,0,G3,zero,not_burned,,NA
R19,0,70,40,5,moss_cov,0,G4,zero,not_burned,,NA
R19,0,70,40,5,moss_cov,0,G5,zero,not_burned,,NA
R19,0,70,40,5,Xan_submou,19,G1,not_damaged,not_burned,,foliose
R19,0,70,40,5,Xan_submou,10,G2,not_damaged,not_burned,,foliose
R19,0,70,40,5,Xan_submou,16,G3,not_damaged,not_burned,,foliose
R19,0,70,40,5,Xan_submou,2,G4,not_damaged,not_burned,,foliose
R19,0,70,40,5,Xan_submou,1,G5,not_damaged,not_burned,,foliose
R19,0,70,40,5,Punc_perr,7,G1,not_damaged,not_burned,,foliose
R19,0,70,40,5,Punc_perr,4,G2,not_damaged,not_burned,,foliose
R19,0,70,40,5,Punc_perr,1,G3,not_damaged,not_burned,,foliose
R19,0,70,40,5,Punc_perr,5,G4,not_damaged,not_burned,,foliose
R19,0,70,40,5,Punc_perr,14,G5,not_damaged,not_burned,,foliose
R19,0,70,40,5,Umb_pol,3,G1,not_damaged,not_burned,,foliose
R19,0,70,40,5,Umb_pol,11,G2,not_damaged,not_burned,,foliose
R19,0,70,40,5,Umb_pol,14,G3,not_damaged,not_burned,,foliose
R19,0,70,40,5,Umb_pol,2,G4,not_damaged,not_burned,,foliose
R19,0,70,40,5,Umb_pol,2,G5,not_damaged,not_burned,,foliose
R19,0,70,40,5,Cand_vit,7,G1,not_damaged,not_burned,,crustose
R19,0,70,40,5,Cand_vit,2,G2,not_damaged,not_burned,,crustose
R19,0,70,40,5,Cand_vit,3,G3,not_damaged,not_burned,,crustose
R19,0,70,40,5,Cand_vit,11,G4,not_damaged,not_burned,,crustose
R19,0,70,40,5,Cand_vit,7,G5,not_damaged,not_burned,,crustose
R19,0,70,40,5,Phaphy_st,2,G1,not_damaged,not_burned,,foliose
R19,0,70,40,5,Phaphy_st,0,G2,zero,not_burned,,foliose
R19,0,70,40,5,Phaphy_st,2,G3,not_damaged,not_burned,,foliose
R19,0,70,40,5,Phaphy_st,0,G4,zero,not_burned,,foliose
R19,0,70,40,5,Phaphy_st,1,G5,not_damaged,not_burned,,foliose
R19,0,70,40,5,Bue_aeth,3,G1,not_damaged,not_burned,,crustose
R19,0,70,40,5,Bue_aeth,10,G2,not_damaged,not_burned,,crustose
R19,0,70,40,5,Bue_aeth,18,G3,not_damaged,not_burned,,crustose
R19,0,70,40,5,Bue_aeth,0,G4,zero,not_burned,,crustose
R19,0,70,40,5,Bue_aeth,0,G5,zero,not_burned,,crustose
R19,0,70,40,5,Leca_disp,3,G1,not_damaged,not_burned,,crustose
R19,0,70,40,5,Leca_disp,2,G2,not_damaged,not_burned,,crustose
R19,0,70,40,5,Leca_disp,0,G3,zero,not_burned,,crustose
R19,0,70,40,5,Leca_disp,0,G4,zero,not_burned,,crustose
R19,0,70,40,5,Leca_disp,0,G5,zero,not_burned,,crustose
R19,0,70,40,5,Leca_neg,2,G1,not_damaged,not_burned,Lecanora negra CHECK,crustose
R19,0,70,40,5,Leca_neg,0,G2,zero,not_burned,,crustose
R19,0,70,40,5,Leca_neg,0,G3,zero,not_burned,,crustose
R19,0,70,40,5,Leca_neg,0,G4,zero,not_burned,,crustose
R19,0,70,40,5,Leca_neg,0,G5,zero,not_burned,,crustose
R19,0,70,40,5,Aca_amarilla,2,G1,not_damaged,not_burned,Acarospora amarilla CHECK,crustose
R19,0,70,40,5,Aca_amarilla,5,G2,not_damaged,not_burned,,crustose
R19,0,70,40,5,Aca_amarilla,1,G3,not_damaged,not_burned,,crustose
R19,0,70,40,5,Aca_amarilla,2,G4,not_damaged,not_burned,,crustose
R19,0,70,40,5,Aca_amarilla,0,G5,zero,not_burned,,crustose
R19,0,70,40,5,Usn_amb,7,G1,not_damaged,not_burned,,fruticose
R19,0,70,40,5,Usn_amb,4,G2,not_damaged,not_burned,,fruticose
R19,0,70,40,5,Usn_amb,16,G3,not_damaged,not_burned,,fruticose
R19,0,70,40,5,Usn_amb,1,G4,not_damaged,not_burned,,fruticose
R19,0,70,40,5,Usn_amb,3,G5,not_damaged,not_burned,,fruticose
R19,0,70,40,5,Aca_lorz,0,G1,zero,not_burned,,crustose
R19,0,70,40,5,Aca_lorz,2,G2,not_damaged,not_burned,,crustose
R19,0,70,40,5,Aca_lorz,0,G3,zero,not_burned,,crustose
R19,0,70,40,5,Aca_lorz,1,G4,not_damaged,not_burned,,crustose
R19,0,70,40,5,Aca_lorz,0,G5,zero,not_burned,,crustose
R19,0,70,40,5,Punc_st,0,G1,zero,not_burned,,foliose
R19,0,70,40,5,Punc_st,1,G2,not_damaged,not_burned,,foliose
R19,0,70,40,5,Punc_st,3,G3,not_damaged,not_burned,,foliose
R19,0,70,40,5,Punc_st,0,G4,zero,not_burned,,foliose
R19,0,70,40,5,Punc_st,0,G5,zero,not_burned,,foliose
R19,0,70,40,5,Leca_acusn,0,G1,zero,not_burned,Lecanora ácido úsnico CHECK ID,crustose
R19,0,70,40,5,Leca_acusn,2,G2,not_damaged,not_burned,,crustose
R19,0,70,40,5,Leca_acusn,0,G3,zero,not_burned,,crustose
R19,0,70,40,5,Leca_acusn,0,G4,zero,not_burned,,crustose
R19,0,70,40,5,Leca_acusn,5,G5,not_damaged,not_burned,,crustose
R19,0,70,40,5,Pert_cor,0,G1,zero,not_burned,,crustose
R19,0,70,40,5,Pert_cor,0,G2,zero,not_burned,,crustose
R19,0,70,40,5,Pert_cor,0,G3,zero,not_burned,,crustose
R19,0,70,40,5,Pert_cor,13,G4,not_damaged,not_burned,,crustose
R19,0,70,40,5,Pert_cor,3,G5,zero,not_burned,,crustose
R19,0,70,40,5,Ram_sp,0,G1,zero,not_burned,"Ramalina ""pastito"" check ID",fruticose
R19,0,70,40,5,Ram_sp,0,G2,zero,not_burned,,fruticose
R19,0,70,40,5,Ram_sp,0,G3,zero,not_burned,,fruticose
R19,0,70,40,5,Ram_sp,0,G4,zero,not_burned,,fruticose
R19,0,70,40,5,Ram_sp,1,G5,not_damaged,not_burned,,fruticose
R12,3,40,20,10,lichen_cov,95,G1,NA,not_burned,,NA
R12,3,40,20,10,lichen_cov,95,G2,NA,not_burned,,NA
R12,3,40,20,10,lichen_cov,98,G3,NA,not_burned,,NA
R12,3,40,20,10,lichen_cov,95,G4,NA,not_burned,,NA
R12,3,40,20,10,lichen_cov,97,G5,NA,not_burned,,NA
R12,3,40,20,10,rock_cov,3,G1,NA,not_burned,,NA
R12,3,40,20,10,rock_cov,5,G2,NA,not_burned,,NA
R12,3,40,20,10,rock_cov,2,G3,NA,not_burned,,NA
R12,3,40,20,10,rock_cov,10,G4,NA,not_burned,,NA
R12,3,40,20,10,rock_cov,3,G5,NA,not_burned,,NA
R12,3,40,20,10,moss_cov,2,G1,NA,not_burned,,NA
R12,3,40,20,10,moss_cov,0,G2,zero,not_burned,,NA
R12,3,40,20,10,moss_cov,0,G3,zero,not_burned,,NA
R12,3,40,20,10,moss_cov,0,G4,zero,not_burned,,NA
R12,3,40,20,10,moss_cov,0,G5,zero,not_burned,,NA
R12,3,40,20,10,Xan_pli,10,G1,not_damaged,not_burned,,foliose
R12,3,40,20,10,Xan_pli,2,G2,not_damaged,not_burned,,foliose
R12,3,40,20,10,Xan_pli,1,G3,not_damaged,not_burned,,foliose
R12,3,40,20,10,Xan_pli,2,G4,not_damaged,not_burned,,foliose
R12,3,40,20,10,Xan_pli,20,G5,not_damaged,not_burned,,foliose
R12,3,40,20,10,Punc_perr,5,G1,not_damaged,not_burned,,foliose
R12,3,40,20,10,Punc_perr,2,G2,not_damaged,not_burned,,foliose
R12,3,40,20,10,Punc_perr,2,G3,not_damaged,not_burned,,foliose
R12,3,40,20,10,Punc_perr,1,G4,not_damaged,not_burned,,foliose
R12,3,40,20,10,Punc_perr,2,G5,not_damaged,not_burned,,foliose
R12,3,40,20,10,Punc_st,2,G1,not_damaged,not_burned,,foliose
R12,3,40,20,10,Punc_st,1,G2,not_damaged,not_burned,,foliose
R12,3,40,20,10,Punc_st,4,G3,not_damaged,not_burned,,foliose
R12,3,40,20,10,Punc_st,2,G4,not_damaged,not_burned,,foliose
R12,3,40,20,10,Punc_st,3,G5,not_damaged,not_burned,,foliose
R12,3,40,20,10,Umb_pol,3,G1,not_damaged,not_burned,,foliose
R12,3,40,20,10,Umb_pol,1,G2,not_damaged,not_burned,,foliose
R12,3,40,20,10,Umb_pol,4,G3,not_damaged,not_burned,,foliose
R12,3,40,20,10,Umb_pol,1,G4,not_damaged,not_burned,,foliose
R12,3,40,20,10,Umb_pol,7,G5,not_damaged,not_burned,,foliose
R12,3,40,20,10,Leca_disp,13,G1,not_damaged,not_burned,,crustose
R12,3,40,20,10,Leca_disp,12,G2,not_damaged,not_burned,,crustose
R12,3,40,20,10,Leca_disp,11,G3,not_damaged,not_burned,,crustose
R12,3,40,20,10,Leca_disp,9,G4,not_damaged,not_burned,,crustose
R12,3,40,20,10,Leca_disp,4,G5,not_damaged,not_burned,,crustose
R12,3,40,20,10,Aca_lorz,2,G1,not_damaged,not_burned,,crustose
R12,3,40,20,10,Aca_lorz,1,G2,not_damaged,not_burned,,crustose
R12,3,40,20,10,Aca_lorz,0,G3,zero,not_burned,,crustose
R12,3,40,20,10,Aca_lorz,0,G4,zero,not_burned,,crustose
R12,3,40,20,10,Aca_lorz,0,G5,zero,not_burned,,crustose
R12,3,40,20,10,Cand_vit,9,G1,not_damaged,not_burned,,crustose
R12,3,40,20,10,Cand_vit,8,G2,not_damaged,not_burned,,crustose
R12,3,40,20,10,Cand_vit,5,G3,not_damaged,not_burned,,crustose
R12,3,40,20,10,Cand_vit,4,G4,not_damaged,not_burned,,crustose
R12,3,40,20,10,Cand_vit,12,G5,not_damaged,not_burned,,crustose
R12,3,40,20,10,Pert_sp,4,G1,not_damaged,not_burned,Pertusaria estéril,crustose
R12,3,40,20,10,Pert_sp,2,G2,not_damaged,not_burned,,crustose
R12,3,40,20,10,Pert_sp,0,G3,zero,not_burned,,crustose
R12,3,40,20,10,Pert_sp,3,G4,not_damaged,not_burned,,crustose
R12,3,40,20,10,Pert_sp,1,G5,not_damaged,not_burned,,crustose
R12,3,40,20,10,Usn_amb,22,G1,not_damaged,not_burned,,fruticose
R12,3,40,20,10,Usn_amb,25,G2,not_damaged,not_burned,,fruticose
R12,3,40,20,10,Usn_amb,25,G3,not_damaged,not_burned,,fruticose
R12,3,40,20,10,Usn_amb,24,G4,not_damaged,not_burned,,fruticose
R12,3,40,20,10,Usn_amb,23,G5,not_damaged,not_burned,,fruticose
R12,3,40,20,10,Parm_ret,0,G1,zero,not_burned,,foliose
R12,3,40,20,10,Parm_ret,0,G2,zero,not_burned,,foliose
R12,3,40,20,10,Parm_ret,5,G3,not_damaged,not_burned,,foliose
R12,3,40,20,10,Parm_ret,0,G4,zero,not_burned,,foliose
R12,3,40,20,10,Parm_ret,0,G5,zero,not_burned,,foliose
R12,3,40,20,10,Hyp_rev,0,G1,zero,not_burned,,foliose
R12,3,40,20,10,Hyp_rev,0,G2,zero,not_burned,,foliose
R12,3,40,20,10,Hyp_rev,1,G3,not_damaged,not_burned,,foliose
R12,3,40,20,10,Hyp_rev,0,G4,zero,not_burned,,foliose
R12,3,40,20,10,Hyp_rev,0,G5,zero,not_burned,,foliose
R12,3,40,20,10,Aca_amarilla,0,G1,zero,not_burned,Acarospora amarilla VER ID,crustose
R12,3,40,20,10,Aca_amarilla,0,G2,zero,not_burned,,crustose
R12,3,40,20,10,Aca_amarilla,0,G3,zero,not_burned,,crustose
R12,3,40,20,10,Aca_amarilla,0,G4,zero,not_burned,,crustose
R12,3,40,20,10,Aca_amarilla,3,G5,not_damaged,not_burned,,crustose
R13,325,40,10,2,lichen_cov,80,G1,NA,not_burned,,NA
R13,325,40,10,2,lichen_cov,70,G2,NA,not_burned,,NA
R13,325,40,10,2,lichen_cov,60,G3,NA,not_burned,,NA
R13,325,40,10,2,lichen_cov,90,G4,NA,not_burned,,NA
R13,325,40,10,2,lichen_cov,70,G5,NA,not_burned,,NA
R13,325,40,10,2,rock_cov,20,G1,NA,not_burned,,NA
R13,325,40,10,2,rock_cov,30,G2,NA,not_burned,,NA
R13,325,40,10,2,rock_cov,40,G3,NA,not_burned,,NA
R13,325,40,10,2,rock_cov,10,G4,NA,not_burned,,NA
R13,325,40,10,2,rock_cov,30,G5,NA,not_burned,,NA
R13,325,40,10,2,moss_cov,0,G1,zero,not_burned,,NA
R13,325,40,10,2,moss_cov,0,G2,zero,not_burned,,NA
R13,325,40,10,2,moss_cov,0,G3,zero,not_burned,,NA
R13,325,40,10,2,moss_cov,0,G4,zero,not_burned,,NA
R13,325,40,10,2,moss_cov,0,G5,zero,not_burned,,NA
R13,325,40,10,2,Xan_wri,18,G1,not_damaged,not_burned,,foliose
R13,325,40,10,2,Xan_wri,5,G2,not_damaged,not_burned,,foliose
R13,325,40,10,2,Xan_wri,6,G3,not_damaged,not_burned,,foliose
R13,325,40,10,2,Xan_wri,11,G4,not_damaged,not_burned,,foliose
R13,325,40,10,2,Xan_wri,6,G5,not_damaged,not_burned,,foliose
R13,325,40,10,2,Umb_pol,13,G1,not_damaged,not_burned,,foliose
R13,325,40,10,2,Umb_pol,10,G2,not_damaged,not_burned,,foliose
R13,325,40,10,2,Umb_pol,8,G3,not_damaged,not_burned,,foliose
R13,325,40,10,2,Umb_pol,4,G4,not_damaged,not_burned,,foliose
R13,325,40,10,2,Umb_pol,3,G5,not_damaged,not_burned,,foliose
R13,325,40,10,2,Punc_perr,2,G1,not_damaged,not_burned,,foliose
R13,325,40,10,2,Punc_perr,2,G2,not_damaged,not_burned,,foliose
R13,325,40,10,2,Punc_perr,3,G3,not_damaged,not_burned,,foliose
R13,325,40,10,2,Punc_perr,2,G4,not_damaged,not_burned,,foliose
R13,325,40,10,2,Punc_perr,1,G5,not_damaged,not_burned,,foliose
R13,325,40,10,2,Cand_vit,7,G1,not_damaged,not_burned,,crustose
R13,325,40,10,2,Cand_vit,6,G2,not_damaged,not_burned,,crustose
R13,325,40,10,2,Cand_vit,8,G3,not_damaged,not_burned,,crustose
R13,325,40,10,2,Cand_vit,4,G4,not_damaged,not_burned,,crustose
R13,325,40,10,2,Cand_vit,13,G5,not_damaged,not_burned,,crustose
R13,325,40,10,2,Leca_disp,8,G1,not_damaged,not_burned,,crustose
R13,325,40,10,2,Leca_disp,11,G2,not_damaged,not_burned,,crustose
R13,325,40,10,2,Leca_disp,10,G3,not_damaged,not_burned,,crustose
R13,325,40,10,2,Leca_disp,4,G4,not_damaged,not_burned,,crustose
R13,325,40,10,2,Leca_disp,20,G5,not_damaged,not_burned,,crustose
R13,325,40,10,2,Calo_cer,2,G1,not_damaged,not_burned,,crustose
R13,325,40,10,2,Calo_cer,0,G2,zero,not_burned,,crustose
R13,325,40,10,2,Calo_cer,0,G3,zero,not_burned,,crustose
R13,325,40,10,2,Calo_cer,0,G4,zero,not_burned,,crustose
R13,325,40,10,2,Calo_cer,0,G5,zero,not_burned,,crustose
R13,325,40,10,2,Bue_aeth,3,G1,not_damaged,not_burned,,crustose
R13,325,40,10,2,Bue_aeth,2,G2,not_damaged,not_burned,,crustose
R13,325,40,10,2,Bue_aeth,0,G3,zero,not_burned,,crustose
R13,325,40,10,2,Bue_aeth,0,G4,zero,not_burned,,crustose
R13,325,40,10,2,Bue_aeth,0,G5,zero,not_burned,,crustose
R13,325,40,10,2,Xan_imi,2,G1,not_damaged,not_burned,,foliose
R13,325,40,10,2,Xan_imi,0,G2,zero,not_burned,,foliose
R13,325,40,10,2,Xan_imi,0,G3,zero,not_burned,,foliose
R13,325,40,10,2,Xan_imi,0,G4,zero,not_burned,,foliose
R13,325,40,10,2,Xan_imi,0,G5,zero,not_burned,,foliose
R13,325,40,10,2,Usn_amb,16,G1,not_damaged,not_burned,,fruticose
R13,325,40,10,2,Usn_amb,23,G2,not_damaged,not_burned,,fruticose
R13,325,40,10,2,Usn_amb,20,G3,not_damaged,not_burned,,fruticose
R13,325,40,10,2,Usn_amb,24,G4,not_damaged,not_burned,,fruticose
R13,325,40,10,2,Usn_amb,17,G5,not_damaged,not_burned,,fruticose
R13,325,40,10,2,Aca_lorz,2,G1,not_damaged,not_burned,,crustose
R13,325,40,10,2,Aca_lorz,2,G2,not_damaged,not_burned,,crustose
R13,325,40,10,2,Aca_lorz,0,G3,zero,not_burned,,crustose
R13,325,40,10,2,Aca_lorz,0,G4,zero,not_burned,,crustose
R13,325,40,10,2,Aca_lorz,0,G5,zero,not_burned,,crustose
R13,325,40,10,2,Prot_bad,0,G1,zero,not_burned,,crustose
R13,325,40,10,2,Prot_bad,3,G2,not_damaged,not_burned,,crustose
R13,325,40,10,2,Prot_bad,4,G3,not_damaged,not_burned,,crustose
R13,325,40,10,2,Prot_bad,2,G4,not_damaged,not_burned,,crustose
R13,325,40,10,2,Prot_bad,0,G5,zero,not_burned,,crustose
R13,325,40,10,2,Punc_st,0,G1,zero,not_burned,,foliose
R13,325,40,10,2,Punc_st,0,G2,zero,not_burned,,foliose
R13,325,40,10,2,Punc_st,1,G3,not_damaged,not_burned,,foliose
R13,325,40,10,2,Punc_st,3,G4,not_damaged,not_burned,,foliose
R13,325,40,10,2,Punc_st,4,G5,not_damaged,not_burned,,foliose
R13,325,40,10,2,Pert_sp,0,G1,zero,not_burned,,crustose
R13,325,40,10,2,Pert_sp,0,G2,zero,not_burned,,crustose
R13,325,40,10,2,Pert_sp,0,G3,zero,not_burned,,crustose
R13,325,40,10,2,Pert_sp,7,G4,not_damaged,not_burned,,crustose
R13,325,40,10,2,Pert_sp,2,G5,not_damaged,not_burned,,crustose
R13,325,40,10,2,Pert_cor,0,G1,zero,not_burned,,crustose
R13,325,40,10,2,Pert_cor,0,G2,zero,not_burned,,crustose
R13,325,40,10,2,Pert_cor,0,G3,zero,not_burned,,crustose
R13,325,40,10,2,Pert_cor,2,G4,not_damaged,not_burned,,crustose
R13,325,40,10,2,Pert_cor,0,G5,zero,not_burned,,crustose
R13,325,40,10,2,Hyp_rev,0,G1,zero,not_burned,,foliose
R13,325,40,10,2,Hyp_rev,0,G2,zero,not_burned,,foliose
R13,325,40,10,2,Hyp_rev,0,G3,zero,not_burned,,foliose
R13,325,40,10,2,Hyp_rev,0,G4,zero,not_burned,,foliose
R13,325,40,10,2,Hyp_rev,4,G5,not_damaged,not_burned,,foliose
R18,30,40,20,17,lichen_cov,70,G1,NA,not_burned,,NA
R18,30,40,20,17,lichen_cov,70,G2,NA,not_burned,,NA
R18,30,40,20,17,lichen_cov,80,G3,NA,not_burned,,NA
R18,30,40,20,17,lichen_cov,30,G4,NA,not_burned,,NA
R18,30,40,20,17,lichen_cov,80,G5,NA,not_burned,,NA
R18,30,40,20,17,rock_cov,30,G1,NA,not_burned,,NA
R18,30,40,20,17,rock_cov,30,G2,NA,not_burned,,NA
R18,30,40,20,17,rock_cov,20,G3,NA,not_burned,,NA
R18,30,40,20,17,rock_cov,70,G4,NA,not_burned,,NA
R18,30,40,20,17,rock_cov,20,G5,NA,not_burned,,NA
R18,30,40,20,17,moss_cov,0,G1,zero,not_burned,,NA
R18,30,40,20,17,moss_cov,0,G2,zero,not_burned,,NA
R18,30,40,20,17,moss_cov,0,G3,zero,not_burned,,NA
R18,30,40,20,17,moss_cov,0,G4,zero,not_burned,,NA
R18,30,40,20,17,moss_cov,0,G5,zero,not_burned,,NA
R18,30,40,20,17,Punc_st,1,G1,not_damaged,not_burned,,foliose
R18,30,40,20,17,Punc_st,2,G2,not_damaged,not_burned,,foliose
R18,30,40,20,17,Punc_st,8,G3,not_damaged,not_burned,,foliose
R18,30,40,20,17,Punc_st,0,G4,zero,not_burned,,foliose
R18,30,40,20,17,Punc_st,0,G5,zero,not_burned,,foliose
R18,30,40,20,17,Psi_dis,23,G1,not_damaged,not_burned,,foliose
R18,30,40,20,17,Psi_dis,2,G2,not_damaged,not_burned,,foliose
R18,30,40,20,17,Psi_dis,0,G3,zero,not_burned,,foliose
R18,30,40,20,17,Psi_dis,0,G4,zero,not_burned,,foliose
R18,30,40,20,17,Psi_dis,0,G5,zero,not_burned,,foliose
R18,30,40,20,17,Umb_pol,16,G1,not_damaged,not_burned,,foliose
R18,30,40,20,17,Umb_pol,3,G2,not_damaged,not_burned,,foliose
R18,30,40,20,17,Umb_pol,1,G3,not_damaged,not_burned,,foliose
R18,30,40,20,17,Umb_pol,1,G4,not_damaged,not_burned,,foliose
R18,30,40,20,17,Umb_pol,13,G5,not_damaged,not_burned,,foliose
R18,30,40,20,17,Cand_vit,12,G1,not_damaged,not_burned,,crustose
R18,30,40,20,17,Cand_vit,4,G2,not_damaged,not_burned,,crustose
R18,30,40,20,17,Cand_vit,11,G3,not_damaged,not_burned,,crustose
R18,30,40,20,17,Cand_vit,5,G4,not_damaged,not_burned,,crustose
R18,30,40,20,17,Cand_vit,4,G5,not_damaged,not_burned,,crustose
R18,30,40,20,17,Bue_aeth,7,G1,not_damaged,not_burned,,crustose
R18,30,40,20,17,Bue_aeth,2,G2,not_damaged,not_burned,,crustose
R18,30,40,20,17,Bue_aeth,0,G3,zero,not_burned,,crustose
R18,30,40,20,17,Bue_aeth,0,G4,zero,not_burned,,crustose
R18,30,40,20,17,Bue_aeth,0,G5,zero,not_burned,,crustose
R18,30,40,20,17,Aca_lorz,1,G1,not_damaged,not_burned,,crustose
R18,30,40,20,17,Aca_lorz,0,G2,zero,not_burned,,crustose
R18,30,40,20,17,Aca_lorz,0,G3,zero,not_burned,,crustose
R18,30,40,20,17,Aca_lorz,0,G4,zero,not_burned,,crustose
R18,30,40,20,17,Aca_lorz,0,G5,zero,not_burned,,crustose
R18,30,40,20,17,Rhiz_obs,3,G1,not_damaged,not_burned,,crustose
R18,30,40,20,17,Rhiz_obs,0,G2,zero,not_burned,,crustose
R18,30,40,20,17,Rhiz_obs,2,G3,not_damaged,not_burned,,crustose
R18,30,40,20,17,Rhiz_obs,0,G4,zero,not_burned,,crustose
R18,30,40,20,17,Rhiz_obs,2,G5,not_damaged,not_burned,,crustose
R18,30,40,20,17,Usn_amb,9,G1,not_damaged,not_burned,,fruticose
R18,30,40,20,17,Usn_amb,12,G2,not_damaged,not_burned,,fruticose
R18,30,40,20,17,Usn_amb,17,G3,not_damaged,not_burned,,fruticose
R18,30,40,20,17,Usn_amb,0,G4,zero,not_burned,,fruticose
R18,30,40,20,17,Usn_amb,11,G5,not_damaged,not_burned,,fruticose
R18,30,40,20,17,Xan_subm,0,G1,zero,not_burned,,foliose
R18,30,40,20,17,Xan_subm,5,G2,not_damaged,not_burned,,foliose
R18,30,40,20,17,Xan_subm,6,G3,not_damaged,not_burned,,foliose
R18,30,40,20,17,Xan_subm,7,G4,not_damaged,not_burned,,foliose
R18,30,40,15,15,Xan_subm,14,G5,not_damaged,not_burned,,foliose
R17,221,35,15,15,lichen_cov,95,G1,not_damaged,not_burned,,NA
R17,221,35,15,15,lichen_cov,90,G2,not_damaged,not_burned,,NA
R17,221,35,15,15,lichen_cov,95,G3,not_damaged,not_burned,,NA
R17,221,35,15,15,lichen_cov,95,G4,not_damaged,not_burned,,NA
R17,221,35,15,15,lichen_cov,97,G5,not_damaged,not_burned,,NA
R17,221,35,15,15,rock_cov,5,G1,not_damaged,not_burned,,NA
R17,221,35,15,15,rock_cov,10,G2,not_damaged,not_burned,,NA
R17,221,35,15,15,rock_cov,5,G3,not_damaged,not_burned,,NA
R17,221,35,15,15,rock_cov,5,G4,not_damaged,not_burned,,NA
R17,221,35,15,15,rock_cov,3,G5,not_damaged,not_burned,,NA
R17,221,35,15,15,moss_cov,0,G1,zero,not_burned,,NA
R17,221,35,15,15,moss_cov,0,G2,zero,not_burned,,NA
R17,221,35,15,15,moss_cov,0,G3,zero,not_burned,,NA
R17,221,35,15,15,moss_cov,0,G4,zero,not_burned,,NA
R17,221,35,15,15,moss_cov,0,G5,zero,not_burned,,NA
R17,221,35,15,15,Xan_mic,2,G1,not_damaged,not_burned,,foliose
R17,221,35,15,15,Xan_mic,3,G2,not_damaged,not_burned,,foliose
R17,221,35,15,15,Xan_mic,0,G3,zero,not_burned,,foliose
R17,221,35,15,15,Xan_mic,16,G4,not_damaged,not_burned,,foliose
R17,221,35,15,15,Xan_mic,2,G5,not_damaged,not_burned,,foliose
R17,221,35,15,15,Umb_pol,7,G1,not_damaged,not_burned,,foliose
R17,221,35,15,15,Umb_pol,9,G2,not_damaged,not_burned,,foliose
R17,221,35,15,15,Umb_pol,13,G3,not_damaged,not_burned,,foliose
R17,221,35,15,15,Umb_pol,16,G4,not_damaged,not_burned,,foliose
R17,221,35,15,15,Umb_pol,6,G5,not_damaged,not_burned,,foliose
R17,221,35,15,15,Cand_vit,8,G1,not_damaged,not_burned,,crustose
R17,221,35,15,15,Cand_vit,7,G2,not_damaged,not_burned,,crustose
R17,221,35,15,15,Cand_vit,5,G3,not_damaged,not_burned,,crustose
R17,221,35,15,15,Cand_vit,13,G4,not_damaged,not_burned,,crustose
R17,221,35,15,15,Cand_vit,5,G5,not_damaged,not_burned,,crustose
R17,221,35,15,15,Leca_neg,4,G1,not_damaged,not_burned,ver sp,crustose
R17,221,35,15,15,Leca_neg,0,G2,zero,not_burned,ver sp,crustose
R17,221,35,15,15,Leca_neg,0,G3,zero,not_burned,ver sp,crustose
R17,221,35,15,15,Leca_neg,0,G4,zero,not_burned,ver sp,crustose
R17,221,35,15,15,Leca_neg,0,G5,zero,not_burned,ver sp,crustose
R17,221,35,15,15,Leca_disp,2,G1,not_damaged,not_burned,,crustose
R17,221,35,15,15,Leca_disp,2,G2,not_damaged,not_burned,,crustose
R17,221,35,15,15,Leca_disp,0,G3,zero,not_burned,,crustose
R17,221,35,15,15,Leca_disp,0,G4,zero,not_burned,,crustose
R17,221,35,15,15,Leca_disp,4,G5,not_damaged,not_burned,,crustose
R17,221,35,15,15,Och_par,10,G1,not_damaged,not_burned,,crustose
R17,221,35,15,15,Och_par,12,G2,not_damaged,not_burned,,crustose
R17,221,35,15,15,Och_par,0,G3,zero,not_burned,,crustose
R17,221,35,15,15,Och_par,3,G4,not_damaged,not_burned,,crustose
R17,221,35,15,15,Och_par,0,G5,zero,not_burned,,crustose
R17,221,35,15,15,Pert_cor,2,G1,not_damaged,not_burned,,crustose
R17,221,35,15,15,Pert_cor,0,G2,zero,not_burned,,crustose
R17,221,35,15,15,Pert_cor,5,G3,not_damaged,not_burned,,crustose
R17,221,35,15,15,Pert_cor,0,G4,zero,not_burned,,crustose
R17,221,35,15,15,Pert_cor,0,G5,zero,not_burned,,crustose
R17,221,35,15,15,Usn_amb,24,G1,not_damaged,not_burned,,fruticose
R17,221,35,15,15,Usn_amb,12,G2,not_damaged,not_burned,,fruticose
R17,221,35,15,15,Usn_amb,4,G3,not_damaged,not_burned,,fruticose
R17,221,35,15,15,Usn_amb,14,G4,not_damaged,not_burned,,fruticose
R17,221,35,15,15,Usn_amb,8,G5,not_damaged,not_burned,,fruticose
R17,221,35,15,15,Punc_perr,0,G1,zero,not_burned,,foliose
R17,221,35,15,15,Punc_perr,2,G2,not_damaged,not_burned,,foliose
R17,221,35,15,15,Punc_perr,0,G3,zero,not_burned,,foliose
R17,221,35,15,15,Punc_perr,2,G4,not_damaged,not_burned,,foliose
R17,221,35,15,15,Punc_perr,0,G5,zero,not_burned,,foliose
R17,221,35,15,15,Xan_imi,0,G1,zero,not_burned,,foliose
R17,221,35,15,15,Xan_imi,1,G2,not_damaged,not_burned,,foliose
R17,221,35,15,15,Xan_imi,2,G3,not_damaged,not_burned,,foliose
R17,221,35,15,15,Xan_imi,0,G4,zero,not_burned,,foliose
R17,221,35,15,15,Xan_imi,0,G5,zero,not_burned,,foliose
R17,221,35,15,15,Bue_aeth,0,G1,zero,not_burned,,crustose
R17,221,35,15,15,Bue_aeth,0,G2,zero,not_burned,,crustose
R17,221,35,15,15,Bue_aeth,1,G3,not_damaged,not_burned,,crustose
R17,221,35,15,15,Bue_aeth,2,G4,not_damaged,not_burned,,crustose
R17,221,35,15,15,Bue_aeth,10,G5,not_damaged,not_burned,,crustose
R17,221,35,15,15,Rhi_ino,0,G1,zero,not_burned,,crustose
R17,221,35,15,15,Rhi_ino,0,G2,zero,not_burned,,crustose
R17,221,35,15,15,Rhi_ino,5,G3,not_damaged,not_burned,,crustose
R17,221,35,15,15,Rhi_ino,0,G4,zero,not_burned,,crustose
R17,221,35,15,15,Rhi_ino,0,G5,zero,not_burned,,crustose
R17,221,35,15,15,Dipl_dia,0,G1,zero,not_burned,,crustose
R17,221,35,15,15,Dipl_dia,0,G2,zero,not_burned,,crustose
R17,221,35,15,15,Dipl_dia,0,G3,zero,not_burned,,crustose
R17,221,35,15,15,Dipl_dia,4,G4,not_damaged,not_burned,,crustose
R17,221,35,15,15,Dipl_dia,8,G5,not_damaged,not_burned,,crustose
R17,221,35,15,15,Aca_lorz,0,G1,zero,not_burned,,crustose
R17,221,35,15,15,Aca_lorz,0,G2,zero,not_burned,,crustose
R17,221,35,15,15,Aca_lorz,0,G3,zero,not_burned,,crustose
R17,221,35,15,15,Aca_lorz,0,G4,zero,not_burned,,crustose
R17,221,35,15,15,Aca_lorz,2,G5,not_damaged,not_burned,,crustose
R17,221,35,15,15,Rino_gris,0,G1,zero,not_burned,VER ID,crustose
R17,221,35,15,15,Rino_gris,0,G2,zero,not_burned,VER ID,crustose
R17,221,35,15,15,Rino_gris,0,G3,zero,not_burned,VER ID,crustose
R17,221,35,15,15,Rino_gris,0,G4,zero,not_burned,VER ID,crustose
R17,221,35,15,15,Rino_gris,4,G5,not_damaged,not_burned,VER ID,crustose
R17,221,35,15,15,Calo_cer,0,G1,zero,not_burned,,crustose
R17,221,35,15,15,Calo_cer,0,G2,zero,not_burned,,crustose
R17,221,35,15,15,Calo_cer,0,G3,zero,not_burned,,crustose
R17,221,35,15,15,Calo_cer,0,G4,zero,not_burned,,crustose
R17,221,35,15,15,Calo_cer,5,G5,not_damaged,not_burned,,crustose
R14,320,70,3,10,lichen_cov,90,G1,not_damaged,not_burned,,NA
R14,320,70,3,10,lichen_cov,90,G2,not_damaged,not_burned,,NA
R14,320,70,3,10,lichen_cov,70,G3,not_damaged,not_burned,,NA
R14,320,70,3,10,lichen_cov,90,G4,not_damaged,not_burned,,NA
R14,320,70,3,10,lichen_cov,70,G5,not_damaged,not_burned,,NA
R14,320,70,3,10,rock_cov,9,G1,not_damaged,not_burned,,NA
R14,320,70,3,10,rock_cov,10,G2,not_damaged,not_burned,,NA
R14,320,70,3,10,rock_cov,7,G3,not_damaged,not_burned,,NA
R14,320,70,3,10,rock_cov,10,G4,not_damaged,not_burned,,NA
R14,320,70,3,10,rock_cov,30,G5,not_damaged,not_burned,,NA
R14,320,70,3,10,moss_cov,1,G1,not_damaged,not_burned,,NA
R14,320,70,3,10,moss_cov,0,G2,zero,not_burned,,NA
R14,320,70,3,10,moss_cov,3,G3,not_damaged,not_burned,,NA
R14,320,70,3,10,moss_cov,0,G4,zero,not_burned,,NA
R14,320,70,3,10,moss_cov,0,G5,zero,not_burned,,NA
R14,320,70,3,10,Xan_wri,15,G1,not_damaged,not_burned,,foliose
R14,320,70,3,10,Xan_wri,16,G2,not_damaged,not_burned,,foliose
R14,320,70,3,10,Xan_wri,0,G3,zero,not_burned,,foliose
R14,320,70,3,10,Xan_wri,0,G4,zero,not_burned,,foliose
R14,320,70,3,10,Xan_wri,0,G5,zero,not_burned,,foliose
R14,320,70,3,10,Umb_pol,8,G1,not_damaged,not_burned,,foliose
R14,320,70,3,10,Umb_pol,7,G2,not_damaged,not_burned,,foliose
R14,320,70,3,10,Umb_pol,0,G3,zero,not_burned,,foliose
R14,320,70,3,10,Umb_pol,8,G4,not_damaged,not_burned,,foliose
R14,320,70,3,10,Umb_pol,0,G5,zero,not_burned,,foliose
R14,320,70,3,10,Punc_st,5,G1,not_damaged,not_burned,,foliose
R14,320,70,3,10,Punc_st,2,G2,not_damaged,not_burned,,foliose
R14,320,70,3,10,Punc_st,0,G3,zero,not_burned,,foliose
R14,320,70,3,10,Punc_st,1,G4,not_damaged,not_burned,,foliose
R14,320,70,3,10,Punc_st,0,G5,zero,not_burned,,foliose
R14,320,70,3,10,Cand_vit,9,G1,not_damaged,not_burned,,crustose
R14,320,70,3,10,Cand_vit,5,G2,not_damaged,not_burned,,crustose
R14,320,70,3,10,Cand_vit,9,G3,not_damaged,not_burned,,crustose
R14,320,70,3,10,Cand_vit,6,G4,not_damaged,not_burned,,crustose
R14,320,70,3,10,Cand_vit,4,G5,not_damaged,not_burned,,crustose
R14,320,70,3,10,Leca_disp,10,G1,not_damaged,not_burned,,crustose
R14,320,70,3,10,Leca_disp,7,G2,not_damaged,not_burned,,crustose
R14,320,70,3,10,Leca_disp,9,G3,not_damaged,not_burned,,crustose
R14,320,70,3,10,Leca_disp,8,G4,not_damaged,not_burned,,crustose
R14,320,70,3,10,Leca_disp,14,G5,not_damaged,not_burned,,crustose
R14,320,70,3,10,Prot_bad,3,G1,not_damaged,not_burned,,crustose
R14,320,70,3,10,Prot_bad,2,G2,not_damaged,not_burned,,crustose
R14,320,70,3,10,Prot_bad,2,G3,not_damaged,not_burned,,crustose
R14,320,70,3,10,Prot_bad,5,G4,not_damaged,not_burned,,crustose
R14,320,70,3,10,Prot_bad,1,G5,not_damaged,not_burned,,crustose
R14,320,70,3,10,Calo_cin,3,G1,not_damaged,not_burned,,crustose
R14,320,70,3,10,Calo_cin,0,G2,zero,not_burned,,crustose
R14,320,70,3,10,Calo_cin,1,G3,not_damaged,not_burned,,crustose
R14,320,70,3,10,Calo_cin,3,G4,not_damaged,not_burned,,crustose
R14,320,70,3,10,Calo_cin,0,G5,zero,not_burned,,crustose
R14,320,70,3,10,Rino_sp,2,G1,not_damaged,not_burned,,crustose
R14,320,70,3,10,Rino_sp,0,G2,zero,not_burned,,crustose
R14,320,70,3,10,Rino_sp,0,G3,zero,not_burned,,crustose
R14,320,70,3,10,Rino_sp,0,G4,zero,not_burned,,crustose
R14,320,70,3,10,Rino_sp,0,G5,zero,not_burned,,crustose
R14,320,70,3,10,Punc_perr,1,G1,not_damaged,not_burned,,foliose
R14,320,70,3,10,Punc_perr,4,G2,not_damaged,not_burned,,foliose
R14,320,70,3,10,Punc_perr,0,G3,zero,not_burned,,foliose
R14,320,70,3,10,Punc_perr,0,G4,zero,not_burned,,foliose
R14,320,70,3,10,Punc_perr,0,G5,zero,not_burned,,foliose
R14,320,70,3,10,Usn_amb,17,G1,not_damaged,not_burned,,fruticose
R14,320,70,3,10,Usn_amb,13,G2,not_damaged,not_burned,,fruticose
R14,320,70,3,10,Usn_amb,23,G3,not_damaged,not_burned,,fruticose
R14,320,70,3,10,Usn_amb,21,G4,not_damaged,not_burned,,fruticose
R14,320,70,3,10,Usn_amb,25,G5,not_damaged,not_burned,,fruticose
R14,320,70,3,10,Bue_aeth,0,G1,zero,not_burned,,crustose
R14,320,70,3,10,Bue_aeth,2,G2,not_damaged,not_burned,,crustose
R14,320,70,3,10,Bue_aeth,0,G3,zero,not_burned,,crustose
R14,320,70,3,10,Bue_aeth,2,G4,not_damaged,not_burned,,crustose
R14,320,70,3,10,Bue_aeth,2,G5,not_damaged,not_burned,,crustose
R14,320,70,3,10,Hyp_rev,0,G1,zero,not_burned,,foliose
R14,320,70,3,10,Hyp_rev,2,G2,not_damaged,not_burned,,foliose
R14,320,70,3,10,Hyp_rev,1,G3,not_damaged,not_burned,,foliose
R14,320,70,3,10,Hyp_rev,0,G4,zero,not_burned,,foliose
R14,320,70,3,10,Hyp_rev,0,G5,zero,not_burned,,foliose
R14,320,70,3,10,Parm_ret,0,G1,zero,not_burned,,foliose
R14,320,70,3,10,Parm_ret,5,G2,not_damaged,not_burned,,foliose
R14,320,70,3,10,Parm_ret,0,G3,zero,not_burned,,foliose
R14,320,70,3,10,Parm_ret,0,G4,zero,not_burned,,foliose
R14,320,70,3,10,Parm_ret,0,G5,zero,not_burned,,foliose
R14,320,70,3,10,Ste_ram,0,G1,zero,not_burned,,fruticose
R14,320,70,3,10,Ste_ram,1,G2,not_damaged,not_burned,,fruticose
R14,320,70,3,10,Ste_ram,0,G3,zero,not_burned,,fruticose
R14,320,70,3,10,Ste_ram,0,G4,zero,not_burned,,fruticose
R14,320,70,3,10,Ste_ram,0,G5,zero,not_burned,,fruticose
R14,320,70,3,10,Och_par,0,G1,zero,not_burned,,crustose
R14,320,70,3,10,Och_par,0,G2,zero,not_burned,,crustose
R14,320,70,3,10,Och_par,2,G3,not_damaged,not_burned,,crustose
R14,320,70,3,10,Och_par,0,G4,zero,not_burned,,crustose
R14,320,70,3,10,Och_par,1,G5,not_damaged,not_burned,,crustose
R14,320,70,3,10,Aca_lorz,0,G1,zero,not_burned,,crustose
R14,320,70,3,10,Aca_lorz,0,G2,zero,not_burned,,crustose
R14,320,70,3,10,Aca_lorz,3,G3,not_damaged,not_burned,,crustose
R14,320,70,3,10,Aca_lorz,1,G4,not_damaged,not_burned,,crustose
R14,320,70,3,10,Aca_lorz,1,G5,not_damaged,not_burned,,crustose
R14,320,70,3,10,Pert_cor,0,G1,zero,not_burned,,crustose
R14,320,70,3,10,Pert_cor,0,G2,zero,not_burned,,crustose
R14,320,70,3,10,Pert_cor,3,G3,not_damaged,not_burned,,crustose
R14,320,70,3,10,Pert_cor,1,G4,not_damaged,not_burned,,crustose
R14,320,70,3,10,Pert_cor,0,G5,zero,not_burned,,crustose
R14,320,70,3,10,Pert_sp,0,G1,zero,not_burned,,crustose
R14,320,70,3,10,Pert_sp,0,G2,zero,not_burned,,crustose
R14,320,70,3,10,Pert_sp,0,G3,zero,not_burned,,crustose
R14,320,70,3,10,Pert_sp,5,G4,not_damaged,not_burned,,crustose
R14,320,70,3,10,Pert_sp,0,G5,zero,not_burned,,crustose
R15,300,90,90,0,lichen_cov,95,G1,not_damaged,not_burned,,NA
R15,300,90,90,0,lichen_cov,95,G2,not_damaged,not_burned,,NA
R15,300,90,90,0,lichen_cov,80,G3,not_damaged,not_burned,,NA
R15,300,90,90,0,lichen_cov,90,G4,not_damaged,not_burned,,NA
R15,300,90,90,0,lichen_cov,90,G5,not_damaged,not_burned,,NA
R15,300,90,90,0,rock_cov,5,G1,not_damaged,not_burned,,NA
R15,300,90,90,0,rock_cov,5,G2,not_damaged,not_burned,,NA
R15,300,90,90,0,rock_cov,10,G3,not_damaged,not_burned,,NA
R15,300,90,90,0,rock_cov,10,G4,not_damaged,not_burned,,NA
R15,300,90,90,0,rock_cov,5,G5,not_damaged,not_burned,,NA
R15,300,90,90,0,moss_cov,0,G1,zero,not_burned,,NA
R15,300,90,90,0,moss_cov,0,G2,zero,not_burned,,NA
R15,300,90,90,0,moss_cov,0,G3,zero,not_burned,,NA
R15,300,90,90,0,moss_cov,0,G4,zero,not_burned,,NA
R15,300,90,90,0,moss_cov,5,G5,not_damaged,not_burned,,NA
R15,300,90,90,0,Psi_dis,22,G1,not_damaged,not_burned,,foliose
R15,300,90,90,0,Psi_dis,8,G2,not_damaged,not_burned,,foliose
R15,300,90,90,0,Psi_dis,0,G3,zero,not_burned,,foliose
R15,300,90,90,0,Psi_dis,0,G4,zero,not_burned,,foliose
R15,300,90,90,0,Psi_dis,5,G5,not_damaged,not_burned,,foliose
R15,300,90,90,0,Umb_pol,17,G1,not_damaged,not_burned,,foliose
R15,300,90,90,0,Umb_pol,20,G2,not_damaged,not_burned,,foliose
R15,300,90,90,0,Umb_pol,5,G3,not_damaged,not_burned,,foliose
R15,300,90,90,0,Umb_pol,1,G4,not_damaged,not_burned,,foliose
R15,300,90,90,0,Umb_pol,7,G5,not_damaged,not_burned,,foliose
R15,300,90,90,0,Phaphy_st,2,G1,not_damaged,not_burned,,foliose
R15,300,90,90,0,Phaphy_st,2,G2,not_damaged,not_burned,,foliose
R15,300,90,90,0,Phaphy_st,0,G3,zero,not_burned,,foliose
R15,300,90,90,0,Phaphy_st,0,G4,zero,not_burned,,foliose
R15,300,90,90,0,Phaphy_st,1,G5,not_damaged,not_burned,,foliose
R15,300,90,90,0,Cand_vit,3,G1,not_damaged,not_burned,,crustose
R15,300,90,90,0,Cand_vit,5,G2,not_damaged,not_burned,,crustose
R15,300,90,90,0,Cand_vit,2,G3,not_damaged,not_burned,,crustose
R15,300,90,90,0,Cand_vit,6,G4,not_damaged,not_burned,,crustose
R15,300,90,90,0,Cand_vit,8,G5,not_damaged,not_burned,,crustose
R15,300,90,90,0,Calo_cin,2,G1,not_damaged,not_burned,,crustose
R15,300,90,90,0,Calo_cin,2,G2,not_damaged,not_burned,,crustose
R15,300,90,90,0,Calo_cin,3,G3,not_damaged,not_burned,,crustose
R15,300,90,90,0,Calo_cin,3,G4,not_damaged,not_burned,,crustose
R15,300,90,90,0,Calo_cin,6,G5,not_damaged,not_burned,,crustose
R15,300,90,90,0,Punc_perr,1,G1,not_damaged,not_burned,,foliose
R15,300,90,90,0,Punc_perr,4,G2,not_damaged,not_burned,,foliose
R15,300,90,90,0,Punc_perr,2,G3,not_damaged,not_burned,,foliose
R15,300,90,90,0,Punc_perr,2,G4,not_damaged,not_burned,,foliose
R15,300,90,90,0,Punc_perr,3,G5,not_damaged,not_burned,,foliose
R15,300,90,90,0,Bue_aeth,3,G1,not_damaged,not_burned,,crustose
R15,300,90,90,0,Bue_aeth,2,G2,not_damaged,not_burned,,crustose
R15,300,90,90,0,Bue_aeth,0,G3,zero,not_burned,,crustose
R15,300,90,90,0,Bue_aeth,4,G4,not_damaged,not_burned,,crustose
R15,300,90,90,0,Bue_aeth,2,G5,not_damaged,not_burned,,crustose
R15,300,90,90,0,Leca_disp,2,G1,not_damaged,not_burned,,crustose
R15,300,90,90,0,Leca_disp,13,G2,not_damaged,not_burned,,crustose
R15,300,90,90,0,Leca_disp,4,G3,not_damaged,not_burned,,crustose
R15,300,90,90,0,Leca_disp,10,G4,not_damaged,not_burned,,crustose
R15,300,90,90,0,Leca_disp,17,G5,not_damaged,not_burned,,crustose
R15,300,90,90,0,Pert_cor,1,G1,not_damaged,not_burned,,crustose
R15,300,90,90,0,Pert_cor,1,G2,not_damaged,not_burned,,crustose
R15,300,90,90,0,Pert_cor,0,G3,zero,not_burned,,crustose
R15,300,90,90,0,Pert_cor,0,G4,zero,not_burned,,crustose
R15,300,90,90,0,Pert_cor,0,G5,zero,not_burned,,crustose
R15,300,90,90,0,Usn_amb,5,G1,not_damaged,not_burned,,fruticose
R15,300,90,90,0,Usn_amb,25,G2,not_damaged,not_burned,,fruticose
R15,300,90,90,0,Usn_amb,12,G3,not_damaged,not_burned,,fruticose
R15,300,90,90,0,Usn_amb,15,G4,not_damaged,not_burned,,fruticose
R15,300,90,90,0,Usn_amb,13,G5,burned,not_burned,,fruticose
R15,300,90,90,0,Ram_sp,0,G1,zero,not_burned,VER ID,fruticose
R15,300,90,90,0,Ram_sp,2,G2,not_damaged,not_burned,,fruticose
R15,300,90,90,0,Ram_sp,0,G3,zero,not_burned,,fruticose
R15,300,90,90,0,Ram_sp,0,G4,zero,not_burned,,fruticose
R15,300,90,90,0,Ram_sp,0,G5,zero,not_burned,,fruticose
R15,300,90,90,0,Pert_sp,0,G1,zero,not_burned,,crustose
R15,300,90,90,0,Pert_sp,0,G2,zero,not_burned,,crustose
R15,300,90,90,0,Pert_sp,4,G3,not_damaged,not_burned,,crustose
R15,300,90,90,0,Pert_sp,2,G4,not_damaged,not_burned,,crustose
R15,300,90,90,0,Pert_sp,0,G5,zero,not_burned,,crustose
R15,300,90,90,0,Punc_st,0,G1,zero,not_burned,,foliose
R15,300,90,90,0,Punc_st,1,G2,not_damaged,not_burned,,foliose
R15,300,90,90,0,Punc_st,2,G3,not_damaged,not_burned,,foliose
R15,300,90,90,0,Punc_st,0,G4,zero,not_burned,,foliose
R15,300,90,90,0,Punc_st,1,G5,not_damaged,not_burned,,foliose
R15,300,90,90,0,Leca_acusn,0,G1,zero,not_burned,"Lecanora ácido úsnico, ver ID",crustose
R15,300,90,90,0,Leca_acusn,0,G2,zero,not_burned,,crustose
R15,300,90,90,0,Leca_acusn,0,G3,zero,not_burned,,crustose
R15,300,90,90,0,Leca_acusn,5,G4,not_damaged,not_burned,,crustose
R15,300,90,90,0,Leca_acusn,2,G5,not_damaged,not_burned,,crustose
R15,300,90,90,0,Xan_moug,0,G1,zero,not_burned,,foliose
R15,300,90,90,0,Xan_moug,0,G2,zero,not_burned,,foliose
R15,300,90,90,0,Xan_moug,0,G3,zero,not_burned,,foliose
R15,300,90,90,0,Xan_moug,0,G4,zero,not_burned,,foliose
R15,300,90,90,0,Xan_moug,2,G5,not_damaged,not_burned,,foliose
R15,300,90,90,0,Prot_bad,0,G1,zero,not_burned,,crustose
R15,300,90,90,0,Prot_bad,0,G2,zero,not_burned,,crustose
R15,300,90,90,0,Prot_bad,0,G3,zero,not_burned,,crustose
R15,300,90,90,0,Prot_bad,0,G4,zero,not_burned,,crustose
R15,300,90,90,0,Prot_bad,4,G5,not_damaged,not_burned,,crustose
R16,220,17,1,10,lichen_cov,95,G1,not_damaged,not_burned,,NA
R16,220,17,1,10,lichen_cov,95,G2,not_damaged,not_burned,,NA
R16,220,17,1,10,lichen_cov,70,G3,not_damaged,not_burned,,NA
R16,220,17,1,10,lichen_cov,40,G4,not_damaged,not_burned,,NA
R16,220,17,1,10,lichen_cov,30,G5,not_damaged,not_burned,,NA
R16,220,17,1,10,rock_cov,5,G1,not_damaged,not_burned,,NA
R16,220,17,1,10,rock_cov,5,G2,not_damaged,not_burned,,NA
R16,220,17,1,10,rock_cov,30,G3,not_damaged,not_burned,,NA
R16,220,17,1,10,rock_cov,60,G4,not_damaged,not_burned,,NA
R16,220,17,1,10,rock_cov,70,G5,not_damaged,not_burned,,NA
R16,220,17,1,10,moss_cov,0,G1,zero,not_burned,,NA
R16,220,17,1,10,moss_cov,0,G2,zero,not_burned,,NA
R16,220,17,1,10,moss_cov,0,G3,zero,not_burned,,NA
R16,220,17,1,10,moss_cov,0,G4,zero,not_burned,,NA
R16,220,17,1,10,moss_cov,0,G5,zero,not_burned,,NA
R16,220,17,1,10,Punc_perr,8,G1,not_damaged,not_burned,,foliose
R16,220,17,1,10,Punc_perr,1,G2,not_damaged,not_burned,,foliose
R16,220,17,1,10,Punc_perr,2,G3,not_damaged,not_burned,,foliose
R16,220,17,1,10,Punc_perr,9,G4,not_damaged,not_burned,,foliose
R16,220,17,1,10,Punc_perr,0,G5,zero,not_burned,,foliose
R16,220,17,1,10,Punc_st,2,G1,not_damaged,not_burned,,foliose
R16,220,17,1,10,Punc_st,0,G2,zero,not_burned,,foliose
R16,220,17,1,10,Punc_st,0,G3,zero,not_burned,,foliose
R16,220,17,1,10,Punc_st,1,G4,not_damaged,not_burned,,foliose
R16,220,17,1,10,Punc_st,1,G5,not_damaged,not_burned,,foliose
R16,220,17,1,10,Cand_vit,1,G1,not_damaged,not_burned,,crustose
R16,220,17,1,10,Cand_vit,2,G2,not_damaged,not_burned,,crustose
R16,220,17,1,10,Cand_vit,2,G3,not_damaged,not_burned,,crustose
R16,220,17,1,10,Cand_vit,3,G4,not_damaged,not_burned,,crustose
R16,220,17,1,10,Cand_vit,2,G5,not_damaged,not_burned,,crustose
R16,220,17,1,10,Calo_cin,8,G1,not_damaged,not_burned,,crustose
R16,220,17,1,10,Calo_cin,9,G2,not_damaged,not_burned,,crustose
R16,220,17,1,10,Calo_cin,10,G3,not_damaged,not_burned,,crustose
R16,220,17,1,10,Calo_cin,5,G4,not_damaged,not_burned,,crustose
R16,220,17,1,10,Calo_cin,8,G5,not_damaged,not_burned,,crustose
R16,220,17,1,10,Leca_disp,10,G1,not_damaged,not_burned,,crustose
R16,220,17,1,10,Leca_disp,10,G2,not_damaged,not_burned,,crustose
R16,220,17,1,10,Leca_disp,12,G3,not_damaged,not_burned,,crustose
R16,220,17,1,10,Leca_disp,6,G4,not_damaged,not_burned,,crustose
R16,220,17,1,10,Leca_disp,4,G5,not_damaged,not_burned,,crustose
R16,220,17,1,10,Telo_nod,4,G1,not_damaged,not_burned,,fruticose
R16,220,17,1,10,Telo_nod,0,G2,zero,not_burned,,fruticose
R16,220,17,1,10,Telo_nod,1,G3,not_damaged,not_burned,,fruticose
R16,220,17,1,10,Telo_nod,0,G4,zero,not_burned,,fruticose
R16,220,17,1,10,Telo_nod,0,G5,zero,not_burned,,fruticose
R16,220,17,1,10,Usn_amb,11,G1,not_damaged,not_burned,,fruticose
R16,220,17,1,10,Usn_amb,21,G2,not_damaged,not_burned,,fruticose
R16,220,17,1,10,Usn_amb,9,G3,not_damaged,not_burned,,fruticose
R16,220,17,1,10,Usn_amb,5,G4,not_damaged,not_burned,,fruticose
R16,220,17,1,10,Usn_amb,10,G5,not_damaged,not_burned,,fruticose
R16,220,17,1,10,Pert_cor,2,G1,not_damaged,not_burned,,crustose
R16,220,17,1,10,Pert_cor,0,G2,zero,not_burned,,crustose
R16,220,17,1,10,Pert_cor,6,G3,not_damaged,not_burned,,crustose
R16,220,17,1,10,Pert_cor,3,G4,not_damaged,not_burned,,crustose
R16,220,17,1,10,Pert_cor,0,G5,zero,not_burned,,crustose
R16,220,17,1,10,Xan_imi,0,G1,zero,not_burned,,foliose
R16,220,17,1,10,Xan_imi,2,G2,not_damaged,not_burned,,foliose
R16,220,17,1,10,Xan_imi,0,G3,zero,not_burned,,foliose
R16,220,17,1,10,Xan_imi,0,G4,zero,not_burned,,foliose
R16,220,17,1,10,Xan_imi,0,G5,zero,not_burned,,foliose
R16,220,17,1,10,Umb_pol,0,G1,zero,not_burned,,foliose
R16,220,17,1,10,Umb_pol,5,G2,not_damaged,not_burned,,foliose
R16,220,17,1,10,Umb_pol,0,G3,zero,not_burned,,foliose
R16,220,17,1,10,Umb_pol,0,G4,zero,not_burned,,foliose
R16,220,17,1,10,Umb_pol,0,G5,zero,not_burned,,foliose
R16,220,17,1,10,Xan_tar,0,G1,zero,not_burned,,foliose
R16,220,17,1,10,Xan_tar,3,G2,not_damaged,not_burned,,foliose
R16,220,17,1,10,Xan_tar,2,G3,not_damaged,not_burned,,foliose
R16,220,17,1,10,Xan_tar,3,G4,not_damaged,not_burned,,foliose
R16,220,17,1,10,Xan_tar,6,G5,not_damaged,not_burned,,foliose
R16,220,17,1,10,Dipl_dia,0,G1,zero,not_burned,,crustose
R16,220,17,1,10,Dipl_dia,0,G2,zero,not_burned,,crustose
R16,220,17,1,10,Dipl_dia,2,G3,not_damaged,not_burned,,crustose
R16,220,17,1,10,Dipl_dia,0,G4,zero,not_burned,,crustose
R16,220,17,1,10,Dipl_dia,0,G5,zero,not_burned,,crustose
R2,10,10,10,20,lichen_cov,80,G1,not_damaged,not_burned,,NA
R2,10,10,10,20,lichen_cov,80,G2,not_damaged,not_burned,,NA
R2,10,10,10,20,lichen_cov,90,G3,not_damaged,not_burned,,NA
R2,10,10,10,20,lichen_cov,70,G4,not_damaged,not_burned,,NA
R2,10,10,10,20,lichen_cov,95,G5,not_damaged,not_burned,,NA
R2,10,10,10,20,rock_cov,20,G1,not_damaged,not_burned,,NA
R2,10,10,10,20,rock_cov,20,G2,not_damaged,not_burned,,NA
R2,10,10,10,20,rock_cov,10,G3,not_damaged,not_burned,,NA
R2,10,10,10,20,rock_cov,30,G4,not_damaged,not_burned,,NA
R2,10,10,10,20,rock_cov,5,G5,not_damaged,not_burned,,NA
R2,10,10,10,20,moss_cov,0,G1,zero,not_burned,,NA
R2,10,10,10,20,moss_cov,0,G2,zero,not_burned,,NA
R2,10,10,10,20,moss_cov,0,G3,zero,not_burned,,NA
R2,10,10,10,20,moss_cov,0,G4,zero,not_burned,,NA
R2,10,10,10,20,moss_cov,0,G5,zero,not_burned,,NA
R2,10,10,10,20,Xan_mic,14,G1,not_damaged,not_burned,,foliose
R2,10,10,10,20,Xan_mic,12,G2,not_damaged,not_burned,,foliose
R2,10,10,10,20,Xan_mic,15,G3,not_damaged,not_burned,,foliose
R2,10,10,10,20,Xan_mic,9,G4,not_damaged,not_burned,,foliose
R2,10,10,10,20,Xan_mic,24,G5,not_damaged,not_burned,,foliose
R2,10,10,10,20,Punc_perr,7,G1,not_damaged,not_burned,,foliose
R2,10,10,10,20,Punc_perr,0,G2,zero,not_burned,,foliose
R2,10,10,10,20,Punc_perr,0,G3,zero,not_burned,,foliose
R2,10,10,10,20,Punc_perr,0,G4,zero,not_burned,,foliose
R2,10,10,10,20,Punc_perr,0,G5,zero,not_burned,,foliose
R2,10,10,10,20,Cand_vit,4,G1,not_damaged,not_burned,,crustose
R2,10,10,10,20,Cand_vit,1,G2,not_damaged,not_burned,,crustose
R2,10,10,10,20,Cand_vit,2,G3,not_damaged,not_burned,,crustose
R2,10,10,10,20,Cand_vit,4,G4,not_damaged,not_burned,,crustose
R2,10,10,10,20,Cand_vit,1,G5,not_damaged,not_burned,,crustose
R2,10,10,10,20,Calo_cin,4,G1,not_damaged,not_burned,,crustose
R2,10,10,10,20,Calo_cin,7,G2,not_damaged,not_burned,,crustose
R2,10,10,10,20,Calo_cin,3,G3,not_damaged,not_burned,,crustose
R2,10,10,10,20,Calo_cin,7,G4,not_damaged,not_burned,,crustose
R2,10,10,10,20,Calo_cin,4,G5,not_damaged,not_burned,,crustose
R2,10,10,10,20,Aca_amarilla,1,G1,not_damaged,not_burned,Acarospora amarilla VER ID,crustose
R2,10,10,10,20,Aca_amarilla,0,G2,zero,not_burned,,crustose
R2,10,10,10,20,Aca_amarilla,0,G3,zero,not_burned,,crustose
R2,10,10,10,20,Aca_amarilla,1,G4,not_damaged,not_burned,,crustose
R2,10,10,10,20,Aca_amarilla,0,G5,zero,not_burned,,crustose
R2,10,10,10,20,Leca_disp,5,G1,not_damaged,not_burned,,crustose
R2,10,10,10,20,Leca_disp,6,G2,not_damaged,not_burned,,crustose
R2,10,10,10,20,Leca_disp,4,G3,not_damaged,not_burned,,crustose
R2,10,10,10,20,Leca_disp,8,G4,not_damaged,not_burned,,crustose
R2,10,10,10,20,Leca_disp,1,G5,not_damaged,not_burned,,crustose
R2,10,10,10,20,Bue_aeth,4,G1,not_damaged,not_burned,,crustose
R2,10,10,10,20,Bue_aeth,10,G2,not_damaged,not_burned,,crustose
R2,10,10,10,20,Bue_aeth,1,G3,not_damaged,not_burned,,crustose
R2,10,10,10,20,Bue_aeth,0,G4,zero,not_burned,,crustose
R2,10,10,10,20,Bue_aeth,0,G5,zero,not_burned,,crustose
R2,10,10,10,20,Rhiz_obs,11,G1,not_damaged,not_burned,,crustose
R2,10,10,10,20,Rhiz_obs,12,G2,not_damaged,not_burned,,crustose
R2,10,10,10,20,Rhiz_obs,9,G3,not_damaged,not_burned,,crustose
R2,10,10,10,20,Rhiz_obs,9,G4,not_damaged,not_burned,,crustose
R2,10,10,10,20,Rhiz_obs,5,G5,not_damaged,not_burned,,crustose
R2,10,10,10,20,Dipl_dia,2,G1,not_damaged,not_burned,,crustose
R2,10,10,10,20,Dipl_dia,2,G2,not_damaged,not_burned,,crustose
R2,10,10,10,20,Dipl_dia,1,G3,not_damaged,not_burned,,crustose
R2,10,10,10,20,Dipl_dia,0,G4,zero,not_burned,,crustose
R2,10,10,10,20,Dipl_dia,0,G5,zero,not_burned,,crustose
R2,10,10,10,20,Aca_lorz,1,G1,not_damaged,not_burned,,crustose
R2,10,10,10,20,Aca_lorz,1,G2,not_damaged,not_burned,,crustose
R2,10,10,10,20,Aca_lorz,6,G3,not_damaged,not_burned,,crustose
R2,10,10,10,20,Aca_lorz,1,G4,not_damaged,not_burned,,crustose
R2,10,10,10,20,Aca_lorz,0,G5,zero,not_burned,,crustose
R2,10,10,10,20,Rino_gris,2,G1,not_damaged,not_burned,,crustose
R2,10,10,10,20,Rino_gris,0,G2,zero,not_burned,,crustose
R2,10,10,10,20,Rino_gris,6,G3,not_damaged,not_burned,,crustose
R2,10,10,10,20,Rino_gris,0,G4,zero,not_burned,,crustose
R2,10,10,10,20,Rino_gris,0,G5,zero,not_burned,,crustose
R2,10,10,10,20,Usn_amb,17,G1,not_damaged,not_burned,,fruticose
R2,10,10,10,20,Usn_amb,6,G2,not_damaged,not_burned,,fruticose
R2,10,10,10,20,Usn_amb,7,G3,not_damaged,not_burned,,fruticose
R2,10,10,10,20,Usn_amb,9,G4,not_damaged,not_burned,,fruticose
R2,10,10,10,20,Usn_amb,6,G5,not_damaged,not_burned,,fruticose
R2,10,10,10,20,Umb_pol,0,G1,zero,not_burned,,foliose
R2,10,10,10,20,Umb_pol,1,G2,not_damaged,not_burned,,foliose
R2,10,10,10,20,Umb_pol,2,G3,not_damaged,not_burned,,foliose
R2,10,10,10,20,Umb_pol,6,G4,not_damaged,not_burned,,foliose
R2,10,10,10,20,Umb_pol,0,G5,zero,not_burned,,foliose
R2,10,10,10,20,Xan_imi,0,G1,zero,not_burned,,foliose
R2,10,10,10,20,Xan_imi,0,G2,zero,not_burned,,foliose
R2,10,10,10,20,Xan_imi,0,G3,zero,not_burned,,foliose
R2,10,10,10,20,Xan_imi,0,G4,zero,not_burned,,foliose
R2,10,10,10,20,Xan_imi,2,G5,not_damaged,not_burned,,foliose

