id,fecha,parcela,estrato,forofito,num_forofito,corteza,dap,tipo_bosque,morfotipo,genero,especie,tipo_reprod,estructura_sexual,estructura_asexual,tipo_espora,tamano_espora,espora_largo,espora_ancho,espora_color,himenio,tlc,Observaciones
700,24/10/2019,Uno,Uno,Chrysophyllum gonocarpum,Uno,fina escamosa,"15,1",parcela permanente,Crustoso,Porina,Porina mastoidea,ambas,peritecio,isidias coraloides,septada,mediano,"36,5","5,4",hialina,no amiloideo,,
701,24/10/2019,Uno,Uno,Chrysophyllum gonocarpum,Uno,fina escamosa,"15,1",parcela permanente,Crustoso,Pyrenula,Pyrenula aspistea,sexual,peritecio,ausente,septada,pequeña,10,4,hialina,amiloideo,,
702,24/10/2019,Uno,Uno,Chrysophyllum gonocarpum,Uno,fina escamosa,"15,1",parcela permanente,Crustoso,Cryptothecia,Cryptothecia sp2,asexual,ausente,soredio,ausente,ausente,,,ausente,ausente,,
703,24/10/2019,Uno,Uno,Chrysophyllum gonocarpum,Uno,fina escamosa,"15,1",parcela permanente,Escuamuloso,Phyllopsora,Phyllopsora sp3,estéril,ausente,ausente,ausente,ausente,,,ausente,ausente,,
704,24/10/2019,Uno,Uno,Chrysophyllum gonocarpum,Uno,fina escamosa,"15,1",parcela permanente,Crustoso,Cryptothecia,Cryptothecia sp5,ausente,ausente,ausente,ausente,ausente,,,ausente,ausente,,
705,,,,,,,,,,indeterminado,indeterminado,,,,,,,,,,,
706,24/10/2019,Uno,Dos,Chrysophyllum gonocarpum,Uno,fina escamosa,"15,1",parcela permanente,Crustoso,Cryptothecia,Cryptothecia sp2,asexual,ausente,soredio,ausente,ausente,,,ausente,ausente,,
707,24/10/2019,Uno,Dos,Chrysophyllum gonocarpum,Uno,fina escamosa,"15,1",parcela permanente,Crustoso,Pyrenula,Pyrenula aspistea,sexual,peritecio,ausente,septada,pequeña,7,"3,16",hialina,amiloideo,,*
708,24/10/2019,Uno,Dos,Chrysophyllum gonocarpum,Uno,fina escamosa,"15,1",parcela permanente,Escuamuloso,Phyllopsora,Phyllopsora sp3,estéril,ausente,ausente,ausente,ausente,,,ausente,ausente,,
709,24/10/2019,Uno,Dos,Chrysophyllum gonocarpum,Uno,fina escamosa,"15,1",,Crustoso,indeterminado,morfo B,asexual,ausente,ausente,ausente,ausente,,,ausente,ausente,,
710,24/10/2019,Uno,Uno,Chrysophyllum gonocarpum,Dos,fina escamosa,"16,8",parcela permanente,Crustoso,Cryptothecia,Cryptothecia sp3,ausente,ausente,ausente,ausente,ausente,,,ausente,ausente,,
711,,,,,,,,,,indeterminado,indeterminado,,,,,,,,,,,
712,24/10/2019,Uno,Uno,Chrysophyllum gonocarpum,Dos,fina escamosa,"16,8",,Crustoso,indeterminado,morfo B,asexual,ausente,ausente,ausente,ausente,,,ausente,ausente,,
713,24/10/2019,Uno,Uno,Chrysophyllum gonocarpum,Dos,fina escamosa,"16,8",parcela permanente,Escuamuloso,Phyllopsora,Phyllopsora sp3,estéril,ausente,ausente,ausente,ausente,,,ausente,ausente,,
714,24/10/2019,Uno,Uno,Chrysophyllum gonocarpum,Dos,fina escamosa,"16,8",parcela permanente,Escuamuloso,Phyllopsora,Phyllopsora sp2,sexual,apotecio,ausente,simple,pequeña,7,3,hialina,amiloideo,,
715,24/10/2019,Uno,Dos,Chrysophyllum gonocarpum,Dos,fina escamosa,"16,8",parcela permanente,Crustoso,Cryptothecia,Cryptothecia sp6,ausente,ausente,ausente,ausente,ausente,,,ausente,ausente,,
716,24/10/2019,Uno,Dos,Chrysophyllum gonocarpum,Dos,fina escamosa,"16,8",parcela permanente,Escuamuloso,Phyllopsora,Phyllopsora sp5,estéril,ausente,ausente,ausente,ausente,,,ausente,ausente,,
717,,,,,,,,,,indeterminado,indeterminado,,,,,,,,,,,
718,24/10/2019,Uno,Dos,Diatenopteryx sorbifolia,Dos,casi lisa con escamas,16,parcela permanente,Crustoso,Porina,Porina mastoidea,ambas,peritecio,isidias coraloides,septada,mediano,36,5,hialina,no amiloideo,,*
719,24/10/2019,Uno,Dos,Chrysophyllum gonocarpum,Dos,fina escamosa,"16,8",parcela permanente,Escuamuloso,Phyllopsora,Phyllopsora sp8,asexual,ausente,isidias y soralios,ausente,ausente,,,ausente,ausente,,
720,24/10/2019,Uno,Dos,Chrysophyllum gonocarpum,Dos,fina escamosa,"16,8",parcela permanente,Escuamuloso,Phyllopsora,Phyllopsora sp3,estéril,ausente,ausente,ausente,ausente,,,ausente,ausente,,
721,24/10/2019,Uno,Dos,Chrysophyllum gonocarpum,Dos,fina escamosa,"16,8",parcela permanente,Escuamuloso,Phyllopsora,Phyllopsora sp5,estéril,ausente,ausente,ausente,ausente,,,ausente,ausente,,
722,24/10/2019,Uno,Dos,Chrysophyllum gonocarpum,Dos,fina escamosa,"16,8",parcela permanente,Escuamuloso,Phyllopsora,Phyllopsora sp6,estéril,ausente,ausente,ausente,ausente,,,ausente,ausente,,
723,24/10/2019,Uno,Dos,Diatenopteryx sorbifolia,Tres,casi lisa con escamas,"17,1",parcela permanente,Crustoso,Herpothallon,Herpothallon sp1,asexual,ausente,isidias,ausente,ausente,,,ausente,ausente,,
724,24/10/2019,Uno,Dos,Diatenopteryx sorbifolia,Tres,casi lisa con escamas,"16,1",parcela permanente,Escuamuloso,Phyllopsora,Phyllopsora sp7,asexual,ausente,isidias,ausente,ausente,,,ausente,ausente,,
725,24/10/2019,Uno,Uno,Diatenopteryx sorbifolia,Tres,casi lisa con escamas,"16,1",parcela permanente,Crustoso,Herpothallon,Herpothallon sp1,asexual,ausente,isidias,ausente,ausente,,,ausente,ausente,,
726,24/10/2019,Uno,Uno,Diatenopteryx sorbifolia,Tres,casi lisa con escamas,"16,1",parcela permanente,Escuamuloso,Phyllopsora,Phyllopsora sp1,ambas,apotecio,isidias,simple,pequeña,4,"2,5",hialina,amiloideo,,
727,24/10/2019,Uno,Uno,Diatenopteryx sorbifolia,cuatro,casi lisa con escamas,18,parcela permanente,Crustoso,Porina,Porina mastoidea,ambas,peritecio,isidias coraloides,septada,mediano,49,4,hialina,no amiloideo,,*
728,24/10/2019,Uno,Uno,Diatenopteryx sorbifolia,cuatro,casi lisa con escamas,18,parcela permanente,Crustoso,Myriotrema,Myriotrema sp1,asexual,ausente,soralia,ausente,ausente,,,ausente,ausente,,
729,24/10/2019,Uno,Uno,Diatenopteryx sorbifolia,cuatro,casi lisa con escamas,18,parcela permanente,Crustoso,Cryptothecia,Cryptothecia sp3,ausente,ausente,ausente,ausente,ausente,,,ausente,ausente,,
730,24/10/2019,Uno,Uno,Diatenopteryx sorbifolia,cuatro,casi lisa con escamas,18,parcela permanente,Crustoso,Cresponea,Cresponea sp1,sexual,apotecio,ausente,septada,mediano,29,4,ausente,amiloideo,,
731,24/10/2019,Uno,Uno,Diatenopteryx sorbifolia,cuatro,casi lisa con escamas,18,,Crustoso,indeterminado,morfo B,asexual,ausente,ausente,ausente,ausente,,,ausente,ausente,,
732,24/10/2019,Uno,Dos,Diatenopteryx sorbifolia,cuatro,casi lisa con escamas,18,parcela permanente,Crustoso,Cryptothecia,Cryptothecia sp1,asexual,ausente,soredio,ausente,ausente,,,ausente,ausente,,
733,24/10/2019,Uno,Dos,Diatenopteryx sorbifolia,cuatro,casi lisa con escamas,18,parcela permanente,Crustoso,Porina,Porina internigrans,ambas,peritecio,isidias coraloides,septada,mediano,65,6,hialina,no amiloideo,,
734,24/10/2019,Uno,Dos,Diatenopteryx sorbifolia,cuatro,casi lisa con escamas,18,,Crustoso,Alga,Algas,sexual,lirelas,ausente,septada,pequeña,15,"3,5",hialina,amiloideo,,
735,24/10/2019,Uno,Dos,Diatenopteryx sorbifolia,cuatro,casi lisa con escamas,18,parcela permanente,Crustoso,Alyxoria,Alyxoria varia,sexual,lirelas,ausente,septada,mediano,30,5,hialina,amiloideo,,
736,,,,,,,,parcela permanente,,Herpothallon,Herpothallon spx,,,,,,,,,,,
737,24/10/2019,Uno,Uno,Chrysophyllum gonocarpum,cinco,fina escamosa,23,parcela permanente,Crustoso,Myriotrema,Myriotrema sp2,sexual,apotecio,ausente,septada,mediano,20,8,hialina,no amiloideo,,TLC Myriotrema aff viridialbum buscar hypoprotocetraric acid in addition to lichexanthone
738,24/10/2019,Uno,Uno,Diatenopteryx sorbifolia,cinco,casi lisa con escamas,23,parcela permanente,Crustoso,Cryptothecia,Cryptothecia sp3,ausente,ausente,ausente,ausente,ausente,,,ausente,ausente,,
739,,,,,,,,,,indeterminado,indeterminado,,,,,,,,,,,
740,24/10/2019,Uno,Uno,Chrysophyllum gonocarpum,cinco,fina escamosa,23,parcela permanente,Filamentoso,Coenogonium,Coenogonium sp2,estéril,ausente,ausente,ausente,ausente,,,ausente,ausente,,aff. interplexum
741,24/10/2019,Uno,Dos,Chrysophyllum gonocarpum,cinco,fina escamosa,23,,Crustoso,indeterminado,morfo B,asexual,ausente,ausente,ausente,ausente,,,ausente,ausente,,
742,24/10/2019,Uno,Dos,Chrysophyllum gonocarpum,cinco,fina escamosa,23,,Crustoso,indeterminado,Morfo F,asexual,ausente,isidias,ausente,ausente,,,ausente,ausente,,
743,24/10/2019,Uno,Dos,Chrysophyllum gonocarpum,cinco,fina escamosa,23,parcela permanente,Crustoso,Porina,Porina nucula,sexual,peritecio,isidias cortas,septada,mediano,75,6,hialina,no amiloideo,,
744,24/10/2019,Uno,Dos,Chrysophyllum gonocarpum,cinco,fina escamosa,23,parcela permanente,Crustoso,Alyxoria,Alyxoria varia,sexual,lirelas,ausente,septada,pequeña,18,3,hialina,amiloideo,,
745,24/10/2019,Uno,Dos,Chrysophyllum gonocarpum,cinco,fina escamosa,23,,Crustoso,indeterminado,morfo A,asexual,ausente,isidias,ausente,ausente,,,ausente,ausente,,
745,,,,,,,,bosque remanente,,Ramalina,Ramalina sp,,,,,,,,,,b,
746,24/10/2019,Dos,Uno,Diatenopteryx sorbifolia,Uno,casi lisa con escamas,"20,2",bosque remanente,Crustoso,Cryptothecia,Cryptothecia sp2,asexual,ausente,soredio,ausente,ausente,,,ausente,ausente,,
746,,,,,,,,bosque remanente,Folioso,Parmotrema,Parmotrema aff. mesotropum,sexual,presente,ausente,simple,pequeño,,,hialina,,b,
747,24/10/2019,Dos,Uno,Diatenopteryx sorbifolia,Uno,casi lisa con escamas,"20,2",parcela permanente,Escuamuloso,Phyllopsora,Phyllopsora sp8,asexual,ausente,isidias y soralios,ausente,ausente,,,ausente,ausente,,
747,,,,,,,,bosque remanente,,Ramboldia,Ramboldia russula,sexual,presente,ausente,simple,pequeño,,,hialina,,b,
748,,,,,,,,bosque remanente,,Pertusaria,Pertusaria aff. leioplacella,,,,,,,,,,b,hacer si o si TLC tiene demasiados compuestos
748,24/10/2019,Dos,Uno,Diatenopteryx sorbifolia,Uno,casi lisa con escamas,"20,2",bosque remanente,Crustoso,Porina,Porina sp2,sexual,peritecio,ausente,septada,mediano,38,6,hialina,no amiloideo,,
749,24/10/2019,Dos,Uno,Diatenopteryx sorbifolia,Uno,casi lisa con escamas,"20,2",bosque remanente,Crustoso,Malmidea,Malmidea vinosa,sexual,apotecio,ausente,simple,pequeña,15,7,hialina,amiloideo,,
750,24/10/2019,Dos,Uno,Diatenopteryx sorbifolia,Uno,casi lisa con escamas,"20,2",bosque remanente,Escuamuloso,Phyllopsora,Phyllopsora sp8,asexual,ausente,isidias y soralios,ausente,ausente,,,ausente,ausente,,
751,24/10/2019,Dos,Dos,Diatenopteryx sorbifolia,Uno,casi lisa con escamas,"20,2",parcela permanente,Escuamuloso,Phyllopsora,Phyllopsora sp8,asexual,ausente,isidias y soralios,ausente,ausente,,,ausente,ausente,,
752,24/10/2019,Dos,Dos,Diatenopteryx sorbifolia,Uno,casi lisa con escamas,"20,2",bosque remanente,Escuamuloso,Phyllopsora,Phyllopsora sp5,estéril,ausente,ausente,ausente,ausente,,,ausente,ausente,,
753,24/10/2019,Dos,Dos,Diatenopteryx sorbifolia,Uno,casi lisa con escamas,"20,2",bosque ribereño,Crustoso,Malmidea,Malmidea granífera,sexual,apotecio,ausente,simple,pequeña,7,5,hialina,amiloideo,,
754,24/10/2019,Dos,Dos,Diatenopteryx sorbifolia,Uno,casi lisa con escamas,"20,2",bosque remanente,Crustoso,Porina,Porina sp2,sexual,peritecio,ausente,septada,mediano,34,8,hialina,no amiloideo,,
755,24/10/2019,Dos,Uno,Diatenopteryx sorbifolia,Dos,casi lisa con escamas,"23,5",bosque remanente,Crustoso,Herpothallon,Herpothallon sp5,asexual,ausente,isidias,ausente,ausente,,,ausente,ausente,,
756,24/10/2019,Dos,Uno,Diatenopteryx sorbifolia,Dos,casi lisa con escamas,"23,5",bosque remanente,Crustoso,Coenogonium,Coenogonium sp1,sexual,apotecio,ausente,septada,pequeña,"6,5","2,6",hialina,amiloideo,,
757,24/10/2019,Dos,Uno,Diatenopteryx sorbifolia,Dos,casi lisa con escamas,"23,5",bosque remanente,Crustoso,Herpothallon,Herpothallon sp3,asexual,ausente,isidias,ausente,ausente,,,ausente,ausente,,
758,24/10/2019,Dos,Uno,Diatenopteryx sorbifolia,Dos,casi lisa con escamas,"23,5",bosque remanente,Filamentoso,Piccolia,Piccolia wrightii,sexual,apotecio,ausente,simple,pequeña,3,3,hialina,amiloideo,,
759,24/10/2019,Dos,Uno,Diatenopteryx sorbifolia,Dos,casi lisa con escamas,"23,5",bosque remanente,Crustoso,Bacidia,Bacidia sp,sexual,apotecio,ausente,septada,pequeña,16,1,hialina,amiloideo,,
760,24/10/2019,Dos,Uno,Diatenopteryx sorbifolia,Dos,casi lisa con escamas,"23,5",bosque remanente,Crustoso,Cryptothecia,Cryptothecia sp2,asexual,ausente,soredio,ausente,ausente,,,ausente,ausente,,
761,24/10/2019,Dos,Uno,Diatenopteryx sorbifolia,Dos,casi lisa con escamas,"23,5",bosque remanente,Crustoso,Cryptothecia,Cryptothecia sp2,asexual,ausente,soredio,ausente,ausente,,,ausente,ausente,,
762,,,,,,,,,,Indeterminado,Indeterminado,,,,,,,,,,,
763,24/10/2019,Dos,Dos,Diatenopteryx sorbifolia,Dos,casi lisa con escamas,"23,5",bosque remanente,Crustoso,Herpothallon,Herpothallon sp3,asexual,ausente,isidias,ausente,ausente,,,ausente,ausente,,
764,24/10/2019,Dos,Dos,Diatenopteryx sorbifolia,Dos,casi lisa con escamas,"23,5",bosque remanente,Crustoso,Herpothallon,Herpothallon sp3,asexual,ausente,isidias,ausente,ausente,,,ausente,ausente,,
765,24/10/2019,Dos,Dos,Diatenopteryx sorbifolia,Dos,casi lisa con escamas,"23,5",bosque remanente,Crustoso,Graphis,Graphis sp1,sexual,lirelas,ausente,,,,,,,,
766,24/10/2019,Dos,Uno,Helietta apiculata,Tres,áspera escamosa,"15,4",bosque remanente,Escuamuloso,Phyllopsora,Phyllopsora sp7,asexual,ausente,isidias,ausente,ausente,,,ausente,ausente,,
767,24/10/2019,Dos,Uno,Helietta apiculata,Tres,áspera escamosa,"16,4",,Crustoso,Indeterminado,morfo A,asexual,ausente,isidias,ausente,ausente,,,ausente,ausente,,
768,24/10/2019,Dos,Uno,Helietta apiculata,Tres,áspera escamosa,"15,1",bosque remanente,Crustoso,Herpothallon,Herpothallon sp2,asexual,ausente,isidias,ausente,ausente,,,ausente,ausente,,
769,24/10/2019,Dos,Uno,Helietta apiculata,Tres,áspera escamosa,"15,9",,Crustoso,Indeterminado,morfo A,asexual,ausente,isidias,ausente,ausente,,,ausente,ausente,,
770,24/10/2019,Dos,Dos,Helietta apiculata,Tres,áspera escamosa,"15,4",bosque remanente,Crustoso,Porina,Porina mastoidea,sexual,peritecio,isidias cortas,septada,mediano,41,7,hialina,no amiloideo,,
771,24/10/2019,Dos,Dos,Helietta apiculata,Tres,áspera escamosa,"15,4",bosque remanente,Crustoso,Porina,Porina sp2 mastoidea,sexual,peritecio,ausente,septada,mediano,32,6,hialina,no amiloideo,,
772,24/10/2019,Dos,Dos,Helietta apiculata,Tres,áspera escamosa,"15,4",bosque remanente,Crustoso,Polymeridium,Polymeridium sp1,sexual,peritecio,ausente,septada,mediano,20,5,hialina,no amiloideo,,
773,25/10/2019,Dos,Uno,Ocotea diospyrifolia,cuatro,casi lisa con grietas,16,bosque remanente,Crustoso,Herpothallon,Herpothallon sp1,asexual,ausente,isidias,ausente,ausente,,,ausente,ausente,,
774,24/10/2019,Dos,Uno,Ocotea diospyrifolia,cuatro,casi lisa con grietas,16,bosque remanente,Crustoso,Graphis,Graphis virescens,sexual,lirelas,ausente,septada,mediano,52,7,hialina,amiloideo,,
775,24/10/2019,Dos,Uno,Ocotea diospyrifolia,cuatro,casi lisa con grietas,16,bosque remanente,Crustoso,Pyrenula,Pyrenula aspistea,sexual,peritecio,ausente,septada,mediano,20,9,hialina,amiloideo,,
776,24/10/2019,Dos,Uno,Ocotea diospyrifolia,cuatro,casi lisa con grietas,16,,Crustoso,Indeterminado,morfo A,asexual,ausente,isidias,ausente,ausente,,,ausente,ausente,,
777,24/10/2019,Dos,Uno,Ocotea diospyrifolia,cuatro,casi lisa con grietas,16,,Crustoso,Indeterminado,morfo E,asexual,ausente,soredio,ausente,ausente,,,ausente,ausente,,
778,,,,,,,,,,indeterminado,indeterminado,,,,,,,,,,,
780,24/10/2019,Dos,Uno,Ocotea diospyrifolia,cuatro,casi lisa con grietas,16,bosque remanente,Crustoso,Malmidea,Malmidea vinosa,sexual,apotecio,ausente,simple,pequeña,12,9,hialina,amiloideo,,
781,24/10/2019,Dos,Uno,Ocotea diospyrifolia,cuatro,casi lisa con grietas,16,bosque remanente,Crustoso,Porina,Porina tetracerae,sexual,peritecio,isidias cortas,septada,mediano,30,5,hialina,no amiloideo,,
782,24/10/2019,Dos,Uno,Ocotea diospyrifolia,cuatro,casi lisa con grietas,16,bosque remanente,Crustoso,Letrouitia,Letrouitia domingensis,sexual,apotecio,ausente,septada,mediano,"23,6","10,21",hialina,amiloideo,,
783,24/10/2019,Dos,Uno,Ocotea diospyrifolia,cuatro,casi lisa con grietas,16,bosque remanente,Escuamuloso,Phyllopsora,Phyllopsora sp5,estéril,ausente,ausente,ausente,ausente,,,ausente,ausente,,
784,24/10/2019,Dos,Dos,Ocotea diospyrifolia,cuatro,casi lisa con grietas,16,bosque remanente,Crustoso,Herpothallon,Herpothallon sp1,asexual,ausente,isidias,ausente,ausente,,,ausente,ausente,,
785,24/10/2019,Dos,Dos,Ocotea diospyrifolia,cuatro,casi lisa con grietas,16,bosque remanente,Crustoso,Coenogonium,Coenogonium subdilutum,sexual,apotecio,ausente,septada,pequeña,"6,5","2,6",hialina,amiloideo,,
786,24/10/2019,Dos,Dos,Ocotea diospyrifolia,cuatro,casi lisa con grietas,16,bosque remanente,Crustoso,Letrouitia,Letrouitia domingensis,sexual,apotecio,ausente,septada,mediano,"28,5","10,6",hialina,amiloideo,,
787,24/10/2019,Dos,Dos,Ocotea diospyrifolia,cuatro,casi lisa con grietas,16,,Crustoso,indeterminado,morfo A,asexual,ausente,isidias,ausente,ausente,,,ausente,ausente,,
788,24/10/2019,Dos,Dos,Ocotea diospyrifolia,cuatro,casi lisa con grietas,16,bosque remanente,Crustoso,Malmidea,Malmidea vinosa,sexual,apotecio,ausente,simple,pequeña,16,"7,61",hialina,amiloideo,,
789,24/10/2019,Dos,Uno,Ocotea diospyrifolia,cinco,casi lisa con grietas,"30,2",bosque remanente,Crustoso,Polymeridium,Polymeridium sp1,sexual,peritecio,ausente,septada,pequeña,6,2,hialina,no amiloideo,,
790,24/10/2019,Dos,Uno,Ocotea diospyrifolia,cinco,casi lisa con grietas,"30,2",bosque remanente,Crustoso,Pyrenula,Pyrenula quassiaecola,sexual,peritecio,ausente,septada,grande,37,14,marrón,no amiloideo,,
791,24/10/2019,Dos,Uno,Ocotea diospyrifolia,cinco,casi lisa con grietas,"30,2",bosque remanente,Crustoso,Cryptothecia,Cryptothecia sp6,ausente,ausente,ausente,ausente,ausente,,,ausente,ausente,,
792,24/10/2019,Dos,Uno,Ocotea diospyrifolia,cinco,casi lisa con grietas,"30,2",bosque remanente,Crustoso,Herpothallon,Herpothallon sp4,asexual,ausente,isidias,ausente,ausente,,,ausente,ausente,,
793,24/10/2019,Dos,Uno,Ocotea diospyrifolia,cinco,casi lisa con grietas,"30,2",,Crustoso,indeterminado,morfo A,asexual,ausente,isidias,ausente,ausente,,,ausente,ausente,,
794,24/10/2019,Dos,Dos,Ocotea diospyrifolia,cinco,casi lisa con grietas,"30,2",bosque remanente,Crustoso,Pyrenula,Pyrenula aspistea,sexual,peritecio,ausente,septada,mediano,18,"9,5",hialina,amiloideo,,
795,24/10/2019,Dos,Dos,Ocotea diospyrifolia,cinco,casi lisa con grietas,"30,2",bosque remanente,Crustoso,Graphis,Graphis virescens,sexual,lirelas,ausente,septada,pequeña,18,2,hialina,amiloideo,,
796,,,,,,,,,,indeterminado,indeterminado,,,,,,,,,,,
797,,,,,,,,,,indeterminado,indeterminado,,,,,,,,,,,
798,24/10/2019,Dos,Dos,Ocotea diospyrifolia,cinco,casi lisa con grietas,"30,2",bosque remanente,Crustoso,Cryptothecia,Cryptothecia sp2,asexual,ausente,soredio,ausente,ausente,,,ausente,ausente,,
799,,,,,,,,bosque remanente,,Phyllopsora,Phyllopsora sp,,,,,,,,,,,
799,25/10/2019,Tres,Uno,Ocotea diospyrifolia,Tres,casi lisa con grietas,"34,4",bosque ribereño,Escuamuloso,Phyllopsora,Phyllopsora sp6,estéril,ausente,ausente,ausente,ausente,,,ausente,ausente,,
800,25/10/2019,Tres,Uno,Ocotea diospyrifolia,Tres,casi lisa con grietas,"34,4",,Crustoso,indeterminado,morfo A,asexual,ausente,isidias,ausente,ausente,,,ausente,ausente,,
801,24/10/2019,Tres,Uno,Ocotea diospyrifolia,Tres,casi lisa con grietas,"34,4",bosque ribereño,Crustoso,Letrouitia,Letrouitia domingensis,sexual,apotecio,ausente,septada,mediano,24,10,hialina,amiloideo,,
802,25/10/2019,Tres,Uno,Ocotea diospyrifolia,Tres,casi lisa con grietas,"34,4",,Crustoso,indeterminado,morfo A,asexual,ausente,isidias,ausente,ausente,,,ausente,ausente,,
803,25/10/2019,Tres,Uno,Ocotea diospyrifolia,Tres,casi lisa con grietas,"34,4",bosque ribereño,Crustoso,Cryptothecia,Cryptothecia sp1,asexual,ausente,soredio,ausente,ausente,,,ausente,ausente,,
804,24/10/2019,Tres,Uno,Ocotea diospyrifolia,Tres,casi lisa con grietas,"34,4",bosque ribereño,Folioso,Flakea,Flakea papillata,ausente,ausente,ausente,ausente,ausente,,,ausente,ausente,,
805,25/10/2019,Tres,Uno,Ocotea diospyrifolia,Tres,casi lisa con grietas,"34,4",bosque ribereño,Crustoso,Lithothelium,Lithothelium obtectum,sexual,peritecio,ausente,septada,pequeña,10,5,hialina,amiloideo,,*
806,25/10/2019,Tres,Uno,Ocotea diospyrifolia,Tres,casi lisa con grietas,"34,4",bosque ribereño,Escuamuloso,Phyllopsora,Phyllopsora sp7,asexual,ausente,isidias,ausente,ausente,,,ausente,ausente,,
807,25/10/2019,Tres,Uno,Ocotea diospyrifolia,Tres,casi lisa con grietas,"34,4",bosque ribereño,Crustoso,Cryptothecia,Cryptothecia sp1,asexual,ausente,soredio,ausente,ausente,,,ausente,ausente,,
808,25/10/2019,Tres,Uno,Ocotea diospyrifolia,Tres,casi lisa con grietas,"34,4",bosque ribereño,Escuamuloso,Phyllopsora,Phyllopsora sp7,asexual,ausente,isidias,ausente,ausente,,,ausente,ausente,,
809,25/10/2019,Tres,Dos,Ocotea diospyrifolia,Tres,casi lisa con grietas,"34,4",bosque ribereño,Crustoso,Porina,Porina sp1,sexual,peritecio,isidias,,,,,,no amiloideo,,*
810,,,,,,,,,,indeterminado,indeterminado,,,,,,,,,,,
811,25/10/2019,Tres,Uno,Ocotea diospyrifolia,Uno,casi lisa con grietas,"47,1",bosque ribereño,Crustoso,Cryptothecia,Cryptothecia sp3,ausente,ausente,ausente,ausente,ausente,,,ausente,ausente,,
812,25/10/2019,Tres,Uno,Ocotea diospyrifolia,Uno,casi lisa con grietas,"47,1",,Crustoso,indeterminado,morfo A,asexual,ausente,isidias,ausente,ausente,,,ausente,ausente,,
813,25/10/2019,Tres,Uno,Ocotea diospyrifolia,Uno,casi lisa con grietas,"47,1",bosque ribereño,Escuamuloso,Phyllopsora,Phyllopsora sp7,asexual,ausente,isidias,ausente,ausente,,,ausente,ausente,,
814,24/10/2019,Tres,Uno,Ocotea diospyrifolia,Uno,casi lisa con grietas,"47,1",bosque ribereño,Folioso,Flakea,Flakea papillata,ausente,ausente,ausente,ausente,ausente,,,ausente,ausente,,
815,24/10/2019,Tres,Uno,Ocotea diospyrifolia,Uno,casi lisa con grietas,"47,1",bosque ribereño,Crustoso,Letrouitia,Letrouitia domingensis,sexual,apotecio,ausente,septada,mediano,"26,5","8,23",hialina,amiloideo,,
816,25/10/2019,Tres,Uno,Ocotea diospyrifolia,Uno,casi lisa con grietas,"47,1",bosque ribereño,Crustoso,Malmidea,Malmidea gyalectoides,sexual,apotecio,ausente,simple,pequeña,12,7,hialina,amiloideo,,
817,25/10/2019,Tres,Uno,Ocotea diospyrifolia,Uno,casi lisa con grietas,"47,1",bosque ribereño,Crustoso,Malmidea,Malmidea vinosa,sexual,apotecio,ausente,simple,pequeña,11,7,hialina,amiloideo,,
818,25/10/2019,Tres,Uno,Ocotea diospyrifolia,Uno,casi lisa con grietas,"47,1",bosque ribereño,Crustoso,Crocynia,Crocynia aff. pyxinoides,asexual,ausente,isidias,ausente,ausente,,,ausente,ausente,,
819,25/10/2019,Tres,Uno,Ocotea diospyrifolia,Uno,casi lisa con grietas,"47,1",bosque ribereño,Escuamuloso,Phyllopsora,Phyllopsora sp8,asexual,ausente,isidias y soralios,ausente,ausente,,,ausente,ausente,,
820,25/10/2019,Tres,Dos,Ocotea diospyrifolia,Uno,casi lisa con grietas,"47,1",bosque ribereño,Crustoso,Cryptothecia,Cryptothecia sp3,ausente,ausente,ausente,ausente,ausente,,,ausente,ausente,,
821,25/10/2019,Tres,Dos,Ocotea diospyrifolia,Uno,casi lisa con grietas,"47,1",bosque ribereño,Escuamuloso,Phyllopsora,Phyllopsora sp7,asexual,ausente,isidias,ausente,ausente,,,ausente,ausente,,
822,25/10/2019,Tres,Dos,Ocotea diospyrifolia,Uno,casi lisa con grietas,"47,1",bosque ribereño,Crustoso,Malmidea,Malmidea gyalectoides,sexual,apotecio,ausente,simple,pequeña,"12,3","6,3",hialina,amiloideo,,
823,25/10/2019,Tres,Dos,Ocotea diospyrifolia,Uno,casi lisa con grietas,"47,1",,Crustoso,indeterminado,morfo A,asexual,ausente,isidias,ausente,ausente,,,ausente,ausente,,
824,25/10/2019,Tres,Dos,Ocotea diospyrifolia,Uno,casi lisa con grietas,"47,1",,Crustoso,indeterminado,morfo C,asexual,ausente,soralia,ausente,ausente,,,ausente,ausente,,
825,24/10/2019,Tres,Uno,Helietta apiculata,cuatro,áspera escamosa,"16,8",bosque ribereño,Crustoso,Cryptothecia,Cryptothecia sp5,ausente,ausente,ausente,ausente,ausente,,,ausente,ausente,,
826,24/10/2019,Tres,Uno,Helietta apiculata,cuatro,áspera escamosa,"16,8",bosque ribereño,Escuamuloso,Phyllopsora,Phyllopsora sp4,sexual,apotecio,ausente,simple,pequeña,2,1,hialina,amiloideo,,
827,24/10/2019,Tres,Uno,Helietta apiculata,cuatro,áspera escamosa,"16,8",bosque ribereño,Crustoso,Cryptothecia,Cryptothecia sp4,ausente,ausente,ausente,ausente,ausente,,,ausente,ausente,,
828,24/10/2019,Tres,Uno,Helietta apiculata,cuatro,áspera escamosa,"16,8",bosque ribereño,Escuamuloso,Phyllopsora,Phyllopsora sp5,estéril,ausente,ausente,ausente,ausente,,,ausente,ausente,,
829,24/10/2019,Tres,Uno,Helietta apiculata,cuatro,áspera escamosa,"16,8",bosque ribereño,Crustoso,Cryptothecia,Cryptothecia striata,ausente,ausente,ausente,ausente,ausente,,,ausente,ausente,,
830,24/10/2019,Tres,Uno,Helietta apiculata,cuatro,áspera escamosa,"16,8",bosque ribereño,Crustoso,Crocynia,Crocynia aff. pyxinoides,asexual,ausente,isidias,ausente,ausente,,,ausente,ausente,,
831,24/10/2019,Tres,Uno,Helietta apiculata,cuatro,áspera escamosa,"16,8",bosque ribereño,Escuamuloso,Phyllopsora,Phyllopsora sp2,sexual,apotecio,ausente,simple,pequeña,8,3,hialina,amiloideo,,
832,25/10/2019,Tres,Dos,Helietta apiculata,cuatro,áspera escamosa,"16,8",,Crustoso,indeterminado,morfo A,asexual,ausente,isidias,ausente,ausente,,,ausente,ausente,,
833,24/10/2019,Tres,Dos,Helietta apiculata,cuatro,áspera escamosa,"16,8",bosque ribereño,Crustoso,Crocynia,Crocynia aff. pyxinoides,asexual,ausente,isidias,ausente,ausente,,,ausente,ausente,,
834,24/10/2019,Tres,Dos,Helietta apiculata,cuatro,áspera escamosa,"16,8",bosque ribereño,Crustoso,Cryptothecia,Cryptothecia striata,ausente,ausente,ausente,ausente,ausente,,,ausente,ausente,,
835,25/10/2019,Tres,Dos,Helietta apiculata,cuatro,áspera escamosa,"16,8",,Crustoso,indeterminado,morfo A,asexual,ausente,isidias,ausente,ausente,,,ausente,ausente,,
836,24/10/2019,Tres,Dos,Helietta apiculata,cuatro,áspera escamosa,"16,8",bosque ribereño,Crustoso,Cryptothecia,Cryptothecia sp2,asexual,ausente,soredio,ausente,ausente,,,ausente,ausente,,
837,25/10/2019,Tres,Uno,Ocotea diospyrifolia,cinco,casi lisa con grietas,"43,5",bosque ribereño,Crustoso,Herpothallon,Herpothallon sp2,asexual,ausente,isidias,ausente,ausente,,,ausente,ausente,,
838,25/10/2019,Tres,Uno,Ocotea diospyrifolia,cinco,casi lisa con grietas,"43,5",,Crustoso,indeterminado,morfo A,asexual,ausente,isidias,ausente,ausente,,,ausente,ausente,,
839,25/10/2019,Tres,Uno,Ocotea diospyrifolia,cinco,casi lisa con grietas,"43,5",bosque ribereño,Crustoso,Herpothallon,Herpothallon rubrocinctum,asexual,ausente,isidias,ausente,ausente,,,ausente,ausente,,
840,25/10/2019,Tres,Uno,Ocotea diospyrifolia,cinco,casi lisa con grietas,"43,5",,Crustoso,indeterminado,morfo C,asexual,ausente,soralia,ausente,ausente,,,ausente,ausente,,
841,25/10/2019,Tres,Uno,Ocotea diospyrifolia,cinco,casi lisa con grietas,"43,5",bosque ribereño,Crustoso,Graphis,Graphis virescens,sexual,lirelas,ausente,septada,mediano,45,3,hialina,amiloideo,,
842,25/10/2019,Tres,Uno,Ocotea diospyrifolia,cinco,casi lisa con grietas,"43,5",bosque ribereño,Crustoso,Cryptothecia,Cryptothecia sp3,ausente,ausente,ausente,ausente,ausente,,,ausente,ausente,,
843,25/10/2019,Tres,Uno,Ocotea diospyrifolia,cinco,casi lisa con grietas,"43,5",,Crustoso,indeterminado,morfo A,asexual,ausente,isidias,ausente,ausente,,,ausente,ausente,,
844,25/10/2019,Tres,Uno,Ocotea diospyrifolia,cinco,casi lisa con grietas,"43,5",,Crustoso,indeterminado,morfo A,asexual,ausente,isidias,ausente,ausente,,,ausente,ausente,,
845,25/10/2019,Tres,Uno,Ocotea diospyrifolia,cinco,casi lisa con grietas,"43,5",bosque ribereño,Crustoso,Herpothallon,Herpothallon sp2,asexual,ausente,isidias,ausente,ausente,,,ausente,ausente,,
846,25/10/2019,Tres,Uno,Ocotea diospyrifolia,cinco,casi lisa con grietas,"43,5",,Crustoso,indeterminado,morfo C,asexual,ausente,soralia,ausente,ausente,,,ausente,ausente,,
847,,,,,,,,,,indeterminado,indeterminado,,,,,,,,,,,
848,25/10/2019,Tres,Uno,Ocotea diospyrifolia,cinco,casi lisa con grietas,"43,5",,Crustoso,indeterminado,morfo C,asexual,ausente,soralia,ausente,ausente,,,ausente,ausente,,
849,24/10/2019,Tres,Dos,Ocotea diospyrifolia,cinco,casi lisa con grietas,"43,5",bosque ribereño,Crustoso,Herpothallon,Herpothallon sp1,asexual,ausente,isidias,ausente,ausente,,,ausente,ausente,,
850,24/10/2019,Tres,Dos,Ocotea diospyrifolia,cinco,casi lisa con grietas,"43,5",bosque ribereño,Crustoso,Herpothallon,Herpothallon sp1,asexual,ausente,isidias,ausente,ausente,,,ausente,ausente,,
851,24/10/2019,Tres,Dos,Ocotea diospyrifolia,cinco,casi lisa con grietas,45,bosque ribereño,Crustoso,Porina,Porina mastoidea,sexual,peritecio,ausente,septada,mediano,36,7,hialina,no amiloideo,,
852,,,,,,,,,,indeterminado,indeterminado,,,,,,,,,,,
853,25/10/2019,Tres,Dos,Ocotea diospyrifolia,cinco,casi lisa con grietas,"43,5",,Crustoso,indeterminado,morfo A,asexual,ausente,isidias,ausente,ausente,,,ausente,ausente,,
854,,,,,,,,,,indeterminado,indeterminado,,,,,,,,,,,
855,24/10/2019,Tres,Dos,Ocotea diospyrifolia,cinco,casi lisa con grietas,"43,5",bosque ribereño,Crustoso,Graphis,Graphis virescens,sexual,lirelas,ausente,,,,,,,,
856,24/10/2019,Tres,Dos,Ocotea diospyrifolia,cinco,casi lisa con grietas,"43,5",bosque ribereño,Crustoso,Herpothallon,Herpothallon sp1,asexual,ausente,isidias,ausente,ausente,,,ausente,ausente,,
857,24/10/2019,Tres,Uno,Ocotea diospyrifolia,Dos,casi lisa con grietas,"39,5",bosque ribereño,Crustoso,Letrouitia,Letrouitia domingensis,sexual,apotecio,ausente,septada,mediano,"25,08","9,56",hialina,amiloideo,,
858,24/10/2019,Tres,Uno,Ocotea diospyrifolia,Dos,casi lisa con grietas,"39,5",bosque ribereño,Folioso,Flakea,Flakea papillata,ausente,ausente,ausente,ausente,ausente,,,ausente,ausente,,
859,25/10/2019,Tres,Uno,Ocotea diospyrifolia,Dos,casi lisa con grietas,"39,5",bosque ribereño,Escuamuloso,Phyllopsora,Phyllopsora sp7,asexual,ausente,isidias,ausente,ausente,,,ausente,ausente,,
860,25/10/2019,Tres,Uno,Ocotea diospyrifolia,Dos,casi lisa con grietas,"39,5",bosque ribereño,Escuamuloso,Phyllopsora,Phyllopsora sp1,ambas,apotecio,isidias,simple,pequeña,4,3,hialina,amiloideo,,
861,25/10/2019,Tres,Uno,Ocotea diospyrifolia,Dos,casi lisa con grietas,"39,5",,Crustoso,indeterminado,morfo D,asexual,ausente,isidias,ausente,ausente,,,ausente,ausente,,
862,25/10/2019,Tres,Uno,Ocotea diospyrifolia,Dos,casi lisa con grietas,"39,5",bosque ribereño,Crustoso,Cryptothecia,Cryptothecia sp3,ausente,ausente,ausente,ausente,ausente,,,ausente,ausente,,
863,,,,,,,,,,indeterminado,indeterminado,,,,,,,,,,,
864,,,,,,,,,,indeterminado,indeterminado,,,,,,,,,,,
865,25/10/2019,Tres,Uno,Ocotea diospyrifolia,Dos,casi lisa con grietas,"39,5",bosque ribereño,Crustoso,Herpothallon,Herpothallon rubrocinctum,asexual,ausente,isidias,ausente,ausente,,,ausente,ausente,,
866,25/10/2019,Tres,Uno,Ocotea diospyrifolia,Dos,casi lisa con grietas,"39,5",,Crustoso,indeterminado,morfo B,asexual,ausente,ausente,ausente,ausente,,,ausente,ausente,,
867,25/10/2019,Tres,Dos,Ocotea diospyrifolia,Dos,casi lisa con grietas,"39,5",bosque ribereño,Escuamuloso,Phyllopsora,Phyllopsora sp1,ambas,apotecio,isidias,simple,pequeña,"4,4","2,5",hialina,amiloideo,,
868,25/10/2019,Tres,Dos,Ocotea diospyrifolia,Dos,casi lisa con grietas,"39,5",,Crustoso,indeterminado,morfo A,asexual,ausente,isidias,ausente,ausente,,,ausente,ausente,,
869,25/10/2019,Tres,Dos,Ocotea diospyrifolia,Dos,casi lisa con grietas,"39,5",bosque ribereño,Crustoso,Cryptothecia,Cryptothecia sp1,asexual,ausente,soredio,ausente,ausente,,,ausente,ausente,,
870,,,,,,,,,,indeterminado,indeterminado,,,,,,,,,,,
871,25/10/2019,Tres,Dos,Ocotea diospyrifolia,Dos,casi lisa con grietas,"39,5",,Crustoso,indeterminado,morfo A,asexual,ausente,isidias,ausente,ausente,,,ausente,ausente,,
872,25/10/2019,Tres,Dos,Ocotea diospyrifolia,Dos,casi lisa con grietas,"39,5",,Crustoso,indeterminado,morfo A,asexual,ausente,isidias,ausente,ausente,,,ausente,ausente,,
873,24/10/2019,Tres,Dos,Ocotea diospyrifolia,Dos,casi lisa con grietas,"39,5",bosque ribereño,Folioso,Flakea,Flakea papillata,ausente,ausente,ausente,ausente,ausente,,,ausente,ausente,,
874,24/10/2019,Tres,Dos,Ocotea diospyrifolia,Dos,casi lisa con grietas,"39,5",bosque ribereño,Crustoso,Letrouitia,Letrouitia domingensis,sexual,apotecio,ausente,septada,grande,"36,5","14,3",hialina,amiloideo,,
875,,,,Psorosea sp.,,,,bosque ribereño,folioso,Flakea,Flakea papillata,ausente,ausente,ausente,no vistas,no vistas,no vistas,no vistas,no vistas,no vistas,Hyposalazinic acid,
875,,,,,,,,,crustoso,indeterminado,indeterminado,,,,,,,,,,,
876,,,,,,,,,,Hongo,hongo,,,,,,,,,,,
877,,,,,,,,bosque ribereño,,Pyrenula,Pyrenula aff. aspistea,,,,,,,,,,,
878,,,,,,,,bosque ribereño,crustoso,Coenogonium,Coenogonium strigosum,,,,,,,,,,,
879,,,,,,,,bosque ribereño,bisoide,Cryptothecia,Cryptothecia,,,,,,,,,,,
880,,,,,,,,bosque ribereño,,Herpothallon,Herpothallon rubrocinctum,,,,,,,,,,,
882,,,,,,,,,crustoso,Hongo,hongo,,,,,,,,,,,
883,,,,,,,,bosque ribereño,crustoso,Letrouitia,Letrouitia domingensis,sexual,apotecio,ausente,septos transversales,,31,9,hialina,,,
885,,,,,,,,bosque ribereño,,Herpothallon,Herpothallon,,,,,,,,,,,
886,,,,,,,,,,algas,Algas,,,,,,,,,,,
887,,,,,,,,bosque ribereño,crustoso,Pyrenula,Pyrenula aff. anomala,sexual,peritecio,ausente,septada,,,,hialina,no amiloideo,sobre perdido verificar,
888,,,,,,,,bosque ribereño,,Leptogium,Leptogium azureum,,,,,,,,,,sobre perdido verificar,
889,,,,,,,,bosque ribereño,bisoide,Herpothallon,Herpothallon,,,,,,,,,,,
890,,,,,,,,,,algas,Algas,,,,,,,,,,,
891,,,,,,,,bosque ribereño,,Coenogonium,Coenogonium interplexum,,,,,,,,,,,
892,,,,,,,,,crustoso,indeterminado,indeterminado,asexual,ausente,isidios cortos,ausente,,,,,,"comun en bosques, parecida a talos de coenogonium, porina o crypthotecia.",
893,,,,,,,,bosque ribereño,filamentoso,Coenogonium,Coenogonium lepreurii,sexual,apotecio,ausente,,,,,,,dificil ver esporas,apotecio 1mm
894,,,,,,,,bosque ribereño,crustoso,Letrouitia,Letrouitia domingensis,sexual,apotecio,ausente,septos transversales,mediana,32,8,hialina,amiloideo,,"k+ amarillo oscuro, c- NO debe tener dibenzofuranos"
895,,,,,,,,bosque ribereño,,Leptogium,Leptogium azureum,,,,,,,,,,,
896,,,,,,,,bosque ribereño,,Parmotrema,Parmotrema subrugatum,,,,,,,,,,,"k- or k+ yellow, kc-, c pale orange"
897,,,,,,,,,,Indeterminado,indeterminado,,,,,,,,,,,
898,,,,,,,,bosque ribereño,,Parmotrema,Parmotrema tinctorum,,,,,,,,,,,
899,,,,,,,,,,algas,Algas,,,,,,,,,,,
900,,,,,,,,bosque ribereño,folioso,Sticta,Sticta beauvoisii,asexual,ausente,isidio,,,,,,,Pero marginal hay filidio escasos?,
901,,,,,,,,,escuamuloso,Phyllopsora,Phyllopsora sp.,asexual,ausente,isidio,no vistas,no vistas,no vistas,no vistas,no vistas,no vistas,,"k+ amarillo, c- , uv-"
903,,,,,,,,bosque ribereño,crustoso,Lepraria,Lepraria aff.,sexual,apotecio,isidio,simple,pequeñas,"11,2","7,5",hialinas,amiloideo,2-O-methylatranorin,"k+ amarillo, c-, uv-. Ver químicos"
904,,,,,,,,bosque ribereño,,Punctelia,Punctelia subrudecta,,,,,,,,,,,TLC: no substances
905,,,,,,,,bosque ribereño,folioso,Phyllopsora,Phyllopsora aff chorophaea,sexual,apotecio,ausente,simple,,8(29)*2(6),,hialina,amiloideo,,"I+ azul, sin corteza inferior"
906,,,,,,,,bosque ribereño,,Herpothallon,Herpothallom rubrocintum,,,,,,,,,,,
907,,,,,,,,bosque ribereño,crustoso,Trypethellium,Trypethellium,sexual,estroma,ausente,septada,,"41,53-91,46","6,16-15,02",hialina,no amiloideo,,"talo: K+a leve, c-. espora con 17-15 -12-11-9-7 septos, UV+ disco del estroma amarillo y talo verde brillante Parafisis ramificada
Aceites y cristales en el himenio"
908,,,,,,,,bosque ribereño,,Flavoparmelia,Flavoparmelia sp,,,,,,,,,,,
909,,,,,,,,bosque ribereño,crustoso,Cresponea aff,Cresponea sp1,sexual,apotecio,ausente,septada,,"47,73-37,14","3,10-5,42",hialina,amiloideo,,
910,,,,,,,,bosque ribereño,,Physcia,Physcia sinuosa,,,,,,,,,,,
911,B,,,,,,,bosque ribereño,crustosa,Pertusaria,Pertusaria sp,sexual,peritecio,,,no vistas,,,,,,picnidio con ornamentos vistos a 100x
911,A,,,,,,,bosque ribereño,microfolioso/escuamuloso,Phyllopsora,Phyllopsora sp.,asexual,ausente,isidio,no vistas,no vistas,no vistas,no vistas,no vistas,no vistas,,"k+ amarillo, c- , uv-. Igual a muestra 901"
912,,,,,,,,bosque ribereño,,Flavoparmelia,Flavoparmelia sp,,,,,,,,,,,
913,,,,,,,,bosque ribereño,,Porina,Porina mastoidea,,,,,,,,,,,
914,,,,,,,,bosque ribereño,,Parmotrema,Parmotrema tinctorum,,,,,,,,,,,
915,,,,,,,,bosque ribereño,,Crocodia,Crocodia clathrata,,,,,,,,,,,
916,,,,,,,,bosque ribereño,,Parmotrema,Parmotrema tinctorum,,,,,,,,,,,
917,,,,,,,,bosque ribereño,,Physcia,Physcia sinuosa,,,,,,,,,,,
918,,,,,,,,bosque ribereño,crustoso,Graphis,Graphis sp,sexual,lirela,ausente,no vistas,no vistas,no vistas,no vistas,no vistas,no vistas,,"k+ amarillo -> naranja, esporas no vistas. BUSCAR si hay tiempo"
919,,,,,,,,bosque ribereño,,Herpothallon,Herpothallon sp,-,ausente,-,no vistas,no vistas,no vistas,no vistas,no vistas,no vistas,,"k+ amarillo, c-, uv ligeramente amarillo"
920,,,,,,,,bosque ribereño,,Heterodermia,Heterodermia albicans,,,,,,,,,,,
921,,,,,,,,bosque ribereño,,Parmotrema,Parmotrema foliolosum,,,,,,,,,,,
922,,,,,,,,reforestación,,Leptogium,Leptogium astroamericanum,,,,,,,,,,,
923,,,,,,,,reforestación,,Crespoa,Crespoa crozalsiana,,,,,,,,,,,
924,,,,,,,,reforestación,,Parmotrema,Parmotrema melanochaetum,,,,,,,,,,,
926,,,,,,,,reforestación,crustoso,Indeterminado,indeterminado,sexual,lirelas,ausente,sin esporas,,,,,,,"Carbonizacion completa, con cristales, insperso. no inmerso"
926,,,,,,,,reforestación,crustoso,Indeterminado,indeterminado,sexual,lirelas,ausente,,,,,,no amiloideo,,"lirelas adheridas a ligeramente prominente, carbonizacion "
927,,,,,,,,reforestación,crustoso,Graphis,Graphis aff lineola,sexual,lirela,ausente,septada,,17-24,6-7,hialina,no amiloideo,,"7-8 septos, ascos 4 a 8 esporas I-, C- en parafisis, Asco violeta con I, Himenio I-"
928,11/9/2024,,,,,,,reforestación,crustoso,Cratiria,Cratiria sp,sexual,apotecio,ausente,septada,,6 a 7.22,2.6 a 3,marrón,no  amiloideo,,"C negativo, k+ amarillo, cristales rojizos, insperso, UV negativo, esporas de color marron de 1 a 3 septos, pared levemente engrosada, hasta 4 septos, ascos con 7 esporas"
929,,,,,,,,,,indeterminado,indeterminado,,,,,,,,,,,
930,,,,,,,,reforestación,,Parmotrema,Parmotrema praesorediosum,,,,,,,,,,,
931,,,,,,,,reforestación,crustoso,Glyphis,Glyphis scyphulifera,sexual,lirela circular,ausente,muriformes,grande,31,11,,no amiloideo,,k+ amarillo -> naranja
932,,,,,,,,reforestación,crustoso,Graphis,Graphis syzigii,sexual,lirelas,ausente,septado,grande,27,8,hialina,,,buscar stictico
933,,,,,,,,reforestación,,Dirinaria,Dirinaria applanata,asexual,ausente,soralia,ausente,ausente,ausente,ausente,ausente,,,
933,,,,,,,,reforestación,crustoso,Haematomma,Haematomma sp,sexual,apotecio,ausente,septada,,"54,36","5,92",hialina,amiloideo,b,"Apotecio con disco rojo, k+purpura. I+azul Esporas con 7 (10) septos, cristales presentes"
933,,,,,,,,,crustoso,Lecanora/Haemmatoma,,,,,,,,,,,,
934,,,,,,,,reforestación,,Leptogium,Leptogium hibernicum,,,,,,,,,,,
935,,,,,,,,reforestación,,Parmotrema,Parmotrema  austrosinense,,,,,,,,,,,TLC: atranorine
936,,,,,,,,reforestación,,Physcia,Physcia aff. aipola,,,,,,,,,,,
937,,,,,,,,reforestación,,Physcia,Physcia abscendens,,,,,,,,,,,
938,,,,,,,,reforestación,crustoso,Haematomma,haematomma sp,,,,,,,,,,,
939,,,,,,,,reforestación,crustoso,Lecanora? Protoparmelia?,,sexual,"apotecio con margen talino, 1mm",,,,"4,2",3,hialinas,no amiloideo,,"uv leve, c-"
940,,,,,,,,reforestación,crustoso,Stigmatochroma,Stigmatochroma aff. metaleptodes,sexual,presente,ausente,septada,mediano,15,6,oliváceas,,"Norstictic, Atranorin","k+ rojo cristales aciculares, ver como son las ""finamente ornamentadas"". Buscar ac norestíctico"
941,,,,,,,,reforestación,crustoso,Cresponea,Cresponea sp,sexual,apotecio,ausente,,,15,5,marrón,amiloideo,,"k+ naranja, cristales aciculares"
941,,,,,,,,reforestación,crustoso,Glyphis,Glyphis scyphulifera,sexual,lirela redondeada,ausente,no vistas,,,,,,,
941,,,,,,,,reforestación,crustoso,Pertusaria,Pertusaria sp,ausente,apotecio esteril?,ausente,no vistas,no vistas,no vistas,no vistas,no vistas,no vistas,,"uv naranja, k amarillo"
942,,,,,,,,reforestación,crutoso,Pyrenula,Pyrenula sp1,sexual,peritecio,ausente,muriforme,grande,44,21,oliváceas,,,k+ amarillo
943,,,,,,,,reforestación,,Parmotrema,Parmotrema neotropicum,,,,,,,,,,,
944,,,,,,,,reforestación,,Punctelia,Punctelia subrudecta,,,,,,,,,,,
945,,,,,,,,,,indeterminado,indeterminado,,,,,,,,,,,
949,,,,,,,,reforestación,,Ramalina,Ramalina aff peruviana,,,,,,,,,,,
950,,,,,,,,reforestación,,Parmotrema,Parmotrema sancti-angeli,,,,,,,,,,,
951,,,,,,,,reforestación,,Haematomma,Haematomma flexosum,,,,,,,,,,,
952,,,,,,,,reforestación,,Leptogium,Leptogium sp,,,,,,,,,,,
953,,,,,,,,reforestación,,Physcia,Physcia aipola,,,,,,,,,,,
954,,,,,,,,reforestación,,Pyxine,Pyxine astridiana,,,,,,,,,,,
955,,,,,,,,reforestación,,Punctelia,Punctelia subrudecta,,,,,,,,,,,
956,,,,,,,,reforestación,,Physcia,Physcia abscendens,,,,,,,,,,,
957,,,,,,,,reforestación,,Physcia,Physcia aipola,,,,,,,,,,,
957,,,,,,,,reforestación,,Pyxine,Pyxine berteriana aff,,,,,,,,,,,
958,,,,,,,,reforestación,,Trypethelium,Trypethelium elutariae,,,,,,,,,,,
959,,,,,,,,reforestación,,Canoparmelia,Canoparmelia aff scrubicularis,,,,,,,,,,,
960,,,,,,,,reforestación,,Lecanora,Lecanora sp,,,,,,,,,,,
961,,,,,,,,reforestación,,Parmotrema,Parmotrema aff. mesotropum,,,,,,,,,,,
962,,,,,,,,reforestación,,Parmotrema,Parmotrema wainioi,,,,,,,,,,TLC: Alectoronico,
963,,,,,,,,reforestación,,Ramalina,Ramalina celastri,,,,,,,,,,,
964,,,,,,,,reforestación,,Parmotrema,Parmotrema wainioi,,,,,,,,,,,
965,,,,,,,,reforestación,,Ramalina,ramalina celastri,,,,,,,,,,,
966,,,,,,,,reforestación,,Ramalina,ramalina aff complanata,,,,,,,,,,,
967,,,,,,,,reforestación,,Ramalina,Ramalina celastri,,,,,,,,,,,
968,,,,,,,,reforestación,,Leptogium,Leptogium phyllocarpum,,,,,,,,,,,
969,,,,,,,,reforestación,,Parmotrema,Parmotrema mesotropum,,,,,,,,,,,
970,,,,,,,,reforestación,,Parmotrema,Parmotrema mesotropum,,,,,,,,,,,
971,,,,,,,,reforestación,,Ramalina,Ramalina celastri,,,,,,,,,,,
972,,,,,,,,reforestación,crustoso,Graphis,Graphis sp,sexual,lirelas,ausente,septada,,31,"8,5",hialina,amiloideo,,"labio no estriado, rxn k+ a oscuro, ascos 8esporas, septadas 8-10, parafisis simple. esporas i+a"
973,,,,,,,,reforestación,crustoso,Arthonia,Arthonia sp1,sexual,apotecio,ausente,septada,,"11,58","3,32",hialina,amiloideo,,"ascoma inmerso e insperso, con cristales esporas 8septos, asco con 8 esporas. las puntas del asco tenidas con k+marron, aceites, esporas levemente  teñidas con i+"
974,,,,,,,,reforestación,crustoso,Lecanora,Lecanora sp,sexual,apotecio,ausente,simple,,,,hialina,amiloideo,,"cristales sin disolverse con k, talo k+a oscuro"
975,,,,,,,,reforestación,crustoso,Pyrenula,Pyrenula sp,,,,,,,,,,,no se observa peritecios con ascomas.
976,,,,,,,,reforestación,,Ramalina,Ramalina celastri,,,,,,,,,,,
977,,,,,,,,reforestación,crustoso,Gassicurtia,Gassicurtia acidobaeomyceta,sexual,apotecio,ausente,septada,mediana,12,"7,8",marrón,,"atranorina, thiophanic acid, uk at RF3","uv-, k+ amarillo, c+ amarillo pálido. Nueva para Paraguay"
978,,,,,,,,reforestación,crustoso,Pyrgillus,Pyrgillus sp,sexual,apotecio,ausente,septada,pequeña,,,marrón,no amiloideo,?Norstictic,"k amarillo en apotecio, naranja oscuro en talo. uv-, k+amarillo en pigmento, c-, kc-. Cristales aciculares con K"
979,,,,,,,,reforestación,,Parmotrema,Parmotrema,,,,,,,,,,,
979,,,,,,,,reforestación,,Pertusaria,Pertusaria aff. formosensis,,,,,,,,,,,
980,,,,,,,,reforestación,folioso,Parmotrema,Parmotrema aff. mesotropum,sexual,apotecio,ausente,no vistas,no vistas,no vistas,no vistas,no vistas,no vistas,Atranorina,k- c- kc- uv- Buscar barbático para descartar otra sp
981,,,,,,,,reforestación,folioso,Chrysothrix,Chrysothrix candelaris,ausente,ausente,soredios,no vistas,no vistas,no vistas,no vistas,no vistas,no vistas,,"k violeta, uv tenue"
981,,,,,,,,reforestación,crustoso,Glyphis,Glyphis cicatricosa,sexual,lirelas,ausente,"muriformes, septos transversales",mediana,33,10,hialinas,no amiloideo,,"uv leve, c-, k amarillo naranja"
982,,,,,,,,reforestación,,Ramalina,Ramalina sp,,,k+a Le parece a complanata que es k+a-r,,,,,,,,
983,,,,,,,,reforestación,,Ramboldia,Ramboldia russula,,,,,,,,,,,
984,26/10/2019,,,,,,,reforestación,crustoso,Arthonia,Arthonia sp2,,,,,,,,,amiloideo,uk,"k+a talo-C-, KC-"
985,26/10/2019,,,Hexachlamys edulis,,,,reforestación,Crustoso,Sarcographa,Sarcographa aff. tricosa,sexual,lirelas esteladas y ramificadas,ausente,septada,,20,4,marron,no amiloideo,,
986,26/10/2019,,,,,,,reforestación,Crustoso,Ochrolechia,Ochrolechia sp,sexual,presente,ausente,simple,mediano,"21,33333333","10,16666667",oliváceas,amiloideo,,
987,,,,,,,,,,indeterminado,indeterminado,,,,,,,,,,,
116(dentro de 911),,,,,,,,reforestación,crustoso,Pertusaria,Pertusaria sp.,sexual,apotecios compuestos,ausente,simples,mediana,"15,1","6,5",hialina,amiloideo,,"k+ marillo, c+ amarillo, kc+ amarillo, uv verdoso en talo y blanco en apotecios"
98X,,,,,,,,reforestación,folioso,Canoparmelia,Canoparmelia scrobicularis,sexual,apotecio,presente,simple,pequeño,"9,5",5,hialina,,,
XXX,11/9/2024,,,,,,,reforestación,crustoso,Monoblastia,Monoblastia sp,sexual,peritecio,ausente,simple,,,,hialinas,amiloideo,,UV+naranja
