site;A_chry;A_sp_1;A_sp_2;A_alt;A_bol;A_lor;B_sp_2;B_sp_1;B_sp_3;B_sp_4;B_sp_5;C_ama;C_sax;C_isi;C_nar;C_roj;C_sp;Can_v;Cat;Cand;Clad;Dim;D_bis;D_scr;Dyct;F_cap;F_hay;F_pap;H_jap;H_leu;H_squ;Hyp_l;Hyp_r;Leca;L_neg;L_pol;L_sp_2;L_sp_3;L_sp_1;L_verd;Leci;Lepr;Lept;M_verr;Neo_i;Norm;O_par;Para_r;P_chin;P_crin;P_pilo;P_reti;P_tan;P_sp_2;P_sp_1;Phae;Pann;Phy;Psilo;P_colo;P_hyp;P_mic;P_perr;P_pun;P_sem;P_stic;P_sub;R_dec;R_pil;R_cum;R_ino;R_geo;Rino;S_reg;Schae;Stere;T_nod;Umb_II;Umb_p;U_amb;U_col;U_cor;U_dur;U_hie;U_kro;U_lut;U_sax;X_cor;X_coto;X_far;X_hypo;X_micro;X_mou;X_pli;X_punc;X_sub;X_subt;X_tar;X_wr
Ch_17;0;26.666.667;0;0;0;36.666.667;0;18;0;0;0;0;0;0;0.66666669;0;0;0;13.333.334;0;0.33333334;0;0;0;0;0;0;0;0;0;0;0;0;0;0;0;0;0;0;0;0;33.333.333;0;0;0;23.333.333;0;0;0;0;0;47.333.332;0;0;2;0;0;0;0;0;0;0;0;23.333.333;0;0;0;0;0;0;0;0;10;0;0;0;0;0;0;35.333.332;0;0;0;0;0;0;0;0;0;56.666.665;0;0;0;56.666.665;0;0;0;43.333.335;0
Ch_18;0;0;0.33333334;0;0;0;0;9.666.667;0;0;0;0;0;16.666.666;0;0;0;0;0;0;26.666.667;0;0;0;0;0;0;0;0;0;0;0;0;0;0;0;0;0;0;0;0;10.333.333;0.33333334;0;0;0;0;0;44;0;0;0;73.333.335;26.666.667;0;0;0;0;0;0;0;0;16.666.666;0;0;7;0;0;0;0;0;0;53.333.335;0;0;0;0;0;0;9;0;0;0;0;0;0;0;0;0;2;0;0;0;9.333.333;0;0;0;5;0
Ch_19A;0;0;0;5;0;0;0;13.666.667;0;0;0;0;0;0;0;0;0;0;0.33333334;0;0;0;0;0;0;0;0;0;0;0;0;0;0;0;0;0;0;0;0;7;0;1;0;0;0;26.666.667;0;0;0;26.666.667;16.333.334;0;20.666.666;2;53.333.335;0;0;0;0;0;0;0;0;16.666.666;0;0;0;2;33.333.333;0;0;0;2;0;0;0;0;0;0;44.333.332;0;0;0;0;0;0;0;0;0;0;0;0;0;4;0;0;0;0;0
Ch_19B;0;23.333.333;0;1;0;0;0;26.333.334;0;0;0;0;0;0;12;0;0;0;12.666.667;0;0;0;0;0;0;0;73.333.335;0;0;0;0;0;0;0;0;0;0;0;0;0;0;0;0;0;0;0;0;0;0;0;0;0;31;0;0;0;0;0;0;0;0;0;0.66666669;0;0;0;0;0;0;0;0;0;0;0;0;0;0;0;0;66.666.665;0;0;0;0;0;0;0;0;0;0;0;0;0;0;0;0;0;0;0
Ch_7A;0;0;0;0;0;0;0;15.666.667;0;0;0;0;0;0;17.333.334;0;0;8;0;0;0;0;0;0;0;0;0;0;0;0;0;0;0;0;0;0;0;0;0;0;0;0;0;0;0;0;0;0;0;0;0;0;0;0;0;0;0;0;0;0;0;0;0;0;0;0;0;0;0;0;0;0;25.333.334;0;0;0;0;0;13.333.334;6;0;0;0;0;0;0;0;0;0;0;0;0;0;0;16;0;46.666.665;0;0
Ch_7B;0;0;0.66666669;0;0;0;0;23.333.333;0;0;0;0;0;16.333.334;0;0;0.33333334;10.666.667;0;0;0;0;0;0;0;0;0;0;0;0;0;0;61.666.665;0;0;0;0;0;26.666.667;0;0;1;0;0;0;0;0;0;0;0;0;0;23.666.666;66.666.665;16.666.666;0;0;0;0;0;0;0;21.666.667;0;0;0;0;0;0;0;0;0;0;0;0;0;0;0;8;26.666.666;0;0;0;0;0;0;0;0;0;0.66666669;0;0;0;0;0;0;0;0;0
Ch_6A;0;0;0;0;0;16.666.666;0;73.333.335;0;0;0;0;0;21;0;0;0;0;0;0;0.33333334;0;0;0;0;0;0;0;0;0;0;0;20;0;0;0;13.333.334;0;0;0;0;0.66666669;0;0;0;13.333.334;0;0;0;0;0;0;0;11;10.333.333;0;0.33333334;0;0;0;0;0;9.666.667;0;0;0;0;0;3;0;0;0;23.333.333;0;0;0;0;0;1;19;0;0;0;0;0;0;0;0;0;0;0;0;0;0;0;0;0;0;0
Ch_6B;0;0;3;0;0;0;0;9.666.667;0;0;0;0;0;4;0;0;0;13;0;0;0;0;0;0;0;0;16.666.666;0;0;0;0;0;0;0;0;0;0;0;0;0;0;0.66666669;0;0;0;0;0;0;0;0;0;0;0;0;0;0;0;0;0;0;0;0;0;19.333.334;0;0;0;0;0;0;0;0;16.333.334;0;0;0;0;0;0;16.666.666;0;0;0;0;0;0;0;0;0;0;0;0;0;16.666.666;0;0;0;0;0
Ch_16;2;0;0;0;0;36.666.667;0;0;19;0;0;0;0;15.666.667;0;0;0;0;0;0;0;0;0;0;0;0;6;23.333.333;1;0;1;0;23.333.333;0;0;0;0;0;0;0;0;16.333.334;0;0;0;1;0;0;13.333.334;0;0;13.333.334;0;2;3;0;13.333.334;0;0;0;36.666.667;0;0;5;0;9.333.333;0;0;0;0;0;0;29.333.334;0;0;0;0;0;2;66.666.665;0;0;0;0;0;0;0;0;0;6;0;0;0;0;0;0;0;0;0
Ch_5A;0;0;0;43.333.335;0;0;0;10.333.333;0;0;0;13.666.667;0;0;52.333.332;0;0;0;0;0;0;0;0;0;0;0;0;0;0;0;0;0;0;0;0;0;0;0;0;0;0;0;0;0;0;0;0;0;0;0;0;0;0;0;0;0;0;0;0;0;0;0;0;0.33333334;0.33333334;0;0;0;0;0;0;0;55.333.332;0;0;0;0;46.666.665;0;23;0;0;0;0;0;0;0;9;0;0;0;16.666.666;0;0;0;0;0;0;0
Ch_5B;0;0;0;0;0;0;0;1;0;0;0;0;0;0;36.666.667;0;0;0;0;0;0;0;0;0;0;0;0;0;0;0;0;0;8.333.333;0;0;0;13.333.334;0;0;0;0;0;0;0;0;16.666.666;0;0;0;0;0;0;0;37.666.668;0;0;0;0;0;0;0;0;0.33333334;0;0;0;0;0;0;0;0;0;9.333.333;0;0;0;0;0;0.66666669;22.333.334;0;0;0;0;0;0;0;0;0;0;0;0;0;0;0;0;0;0;0
Ch_5C;0;0;26.666.667;0;0;0;0;0;0;10;0;0;0;44;0;0;0;53.333.335;0;0;0;0;0;0;0;0;0;0;0;0;0;0;0;0;0;0;2;0;9;0;0;0;66.666.665;0;0;0;0;0;0;0;0;0;0;13.333.334;0;0;0;0;0;0;0;0;0;46.666.665;0;0;0;0;0;0;0;0;13.333.333;0;0;0;0;0;36.666.667;13.333.334;0;0;0;0;0;0;0.66666669;0;0;0;0;0;11.333.333;0;0;0;0;0;0
Ch_24;0;56.666.665;0;0;0;12;0;0;0;0;0;0;3;0;0;0;0;0;0;0;0;0;0;0;0;0;0;0;0;0;0;0;0;0;0;0;0;0;0;0;79;0;0;0;0;0;0;0;0;0;0;0;0;0;0;0;0;0;0;0;0;0;0;0;0;0;0;0;0;0;0;0;0;0;0;0;0;33.333.333;0;0;0;0;0;0;0;0;0;2;0;0;0;0;0;13.333.334;0;0;4;0;16
Ch_14A;0;0;8.666.667;0;0;0;0;54;0;0;0;3;0;21;0;0;0;0;0;0;0;0;0;0;0;0;0;0;0;0;0;0;0;0;0;0;0;0;0.33333334;0.33333334;0;0;0;0;0;0;0;6;0;0;0;0;0;0;0;0;0;0;0;0;0;0;25.333.334;0;0;0;0;0;0;0;0;0;19.666.666;0;0;0;0;56.666.665;22.666.666;43.333.335;0;0;0;0;0;0;0;0;63.333.335;0;0;0;0;0;0;0;0;0;0
Ch_14B;0;0;0;0;0;0;0;45.666.668;0;0;0;0;0;0;8;0;0;0;0;0;0;0;0;0;0;0;0;0;0;0;0;0;0;0.33333334;0;0;0;0;0.33333334;36.666.667;0;0;0;0;0;0;0;0;4;0;0;0;0;4;0;0;0;0;63.333.335;0;0;16.666.666;0;0;0;0;0;0;0;0;0;0;46.333.332;0;0;0;0;0;7;11;0;0;0;0;0;0;0;0;1;0;0;0;0;0;0;0;0;0;0
Ch_14C;0;0;0;0;0;0;0;27;0;0;0;8.333.333;0;0;48.333.332;0;0;0;0;0;0;0;0;0;0;0;0;0;0;0;0;0;0;26.333.334;0;0;0;0;0;0;0;0;0;0;0;0;0;0;0;0;0;0;0;0;0;0;0;0;0;0;0;0;0.33333334;0;0;0;0;0;0;0;0;0;97;0;0;0;0;0;9.333.333;3;0;0;0;0;0;0;0;0;26.666.667;0;0;0;0;0;0;0;0;0;0
Ch_15A;0;23.333.333;0;0;0;0;0;10;0;0;0;0;0.33333334;0;14.666.667;0;0;0;0;0;0;0;0;0;0;0;1;0;0;0;0;0;0;15.666.667;14.666.667;0;0;0;0;2;0;0;0;0;0;0;0;0;0;0;0;0;0;25;0;0;0;0;0.66666669;0;0;0;0;0;13.333.334;36.666.667;0;0;0;0;0;0;76.666.665;0;0;0;0;0;66.666.665;15.333.333;0;0;0;0;0;0;0;0;0;0;0;0;0;9.333.333;0;0;0;0;0
Ch_15B;0;0;0;0;0;0;0;26.333.334;0;0;0;0;0;0;40;0;0;56.666.665;0;0;0;0;0;0;0;0;0;0;0;0;0;0;0;10;1;0;0;0;0;21.666.666;0;33.333.333;0;0;0;0;0;0;0;0;0;0;0;0.33333334;0;0;0;0;16.666.666;0;0;0;0;0;2;53.333.335;0;0;0;0;0;0;57.333.332;0;0;0;0;0;56.666.665;5;0;0;0;0;0;0;0;0;0;0;13.333.334;0;0;0;2;0;0;0;0
Ch_13A;0;0;0;0;0;0;0;13.666.667;0;0;0;24.333.334;0;0;64.666.664;0;0;0;0;0;0;0;0;0;0;0;0;0;0;0;0;0;0;15.666.667;0;0;0;0;0;0;0;0;0;0;0;0;0;0;0;0;0;0;0;0;0;0;0;0;0;0;0;0;2;0;0;0;0;0;0;0;0;0;67;0;0;0;0;0;8.333.333;15;0;0;0;0;0;0;0;0;0;0;0;0;0;0;17.333.334;0;0;0;0
Ch_13B;0;0;0;0;0;0;0;30.666.666;0;0;0;0;16.666.666;0;0;0;0;0;0;0;0;0.33333334;0;0;0;0;0;0;0;0;0;0;0;21;0;0;0;0;0;0;0;0;0;0;0;0;0;0;0;0;0;0;0;0;0;0;0;0;0;0;0;0;0.33333334;0;0;0;0;0;0;0;0;0;63.666.668;0;0;0;0;0;56.666.665;0;0;0;0;0;0;0;0;0;0;0;0;0;0;11;0;0;0;0;0
Ch_22A;0;0;9.666.667;0;0;0;0;5;0;0;0;0;0;43.333.332;0;0;0;0;0;0;0;0.66666669;0;0;0;0;0;0;0;0;0;0;17.666.666;0;0;0;0;2;0;56.666.665;0;0;0;0;0;0;0;0;18.666.666;0;0;0;0;23.666.666;16.666.666;0;0;0;0;0;0.33333334;0;0;0;0;0.33333334;0;0;0.33333334;0;0;0;23.333.333;0;0;0;0;0;14.666.667;63;0;0;0;0;0;0;0;0;0;0;0;0;0;0;0;0;0;0;13.333.334
Ch_22B;0;26.666.667;23.333.333;0;0;0;0;23.666.666;0;0;0;0;15;23.333.334;0;0;0;20.333.334;0;0;0;23.333.333;0;0;0;0;11.333.333;0;0;0;0;0;0;0.33333334;0.33333334;0;0;0;0;4;0;33.333.333;0;0;0;0;0;0;0;0;0;0;0;5;46.666.665;26.666.667;0;0;0;0;0;0;0;23.333.333;0;23.333.333;0;0;0;0;0;0;4;0;0;0;0;0;20;13.666.667;0;0;0;0;0;0;0;0;0;0;0;0;0;0;0;0;0;0;13.333.334
Ch_23;0;0;0;0;0;0;0;9.666.667;0.66666669;0;0;0;0;29;0;0;0;22.666.666;0;0;0;0;0;0;0;0.33333334;13.333.334;0;0;0;0;63.333.335;63.333.335;0.66666669;0;17;0;0;0;0;0;0;0;0;0;13.333.334;0;2;0;0;0;4;0;76.666.665;4;0;0;0;0;0;0;0;9.666.667;0;0;1;0;0;0;0;0;0;8.333.333;0;0;0.33333334;0;0;31;16.333.334;0;0;0;0;0;0;0;0;0.33333334;0;0;0;0;0;0;0;0;0;4
Ch_25;0;56.666.665;0;0;0;4;0;76.666.665;0;0;0;0;2;26.666.667;0;0;0;9.666.667;0;0;0;0.66666669;0;0;0;0;0;0;0;0;0;0;0.33333334;1;0;0;0;0;0;0.33333334;0;0;0;0;0;0;0;0;0;0;0;0;0;0;14;0;0;15.666.667;10;0;0;0;0;0;0;1;0;0;0.33333334;0;0;0;37.333.332;0;0;0;0;0;43.333.335;13.666.667;0;0;0;0;0;0;0;0;0;0;0;0;0;0;0;0;0;0;0
Ch_2;0;8.666.667;0;38.666.668;0;0;0;73.333.335;0;0;0;0;0;0;12.333.333;0;0;0;0;0;0;0;0;0;0;0;0;0;0;0;0;0;0;0;0;0;0;0;3;0;0;0;0;0;0;0;0;0;0;0;0;0;0;0;0;0.33333334;0;0;0;0;0;0;0;0;0;0;0;0;0;0;0;0;60;0;0;0;0;0;37;2;0;0;0;0;0;0;0;36.666.667;0;0;18.333.334;0;0;0;0;0;0;0;0
Ch_47;0;2;0;0;0;0;0.66666669;4;0;0;0;0;0;7;15.666.667;0;0;0;0;0;0;0;0;0;0;0;13.333.334;22.333.334;0;0;0;0;0;0;17;0;0;0;0;63.333.335;0;0;0;0;0;0;0;0;0;0;0;0;0;0;0;0;0;0;0;0;6;0;1;15;0;0.66666669;0;0;0;0;0;0;35.666.668;0;0;0.33333334;0;12.666.667;0;27;0;0;0;0;0;0;0;0;0;14.666.667;0;0;0;0;0;0;0;0;0
Ch_31;0;0.33333334;23.333.333;0;0;0;16.666.666;22;0;0;0;0;0;9.333.333;0;23.333.333;0;0;0;0;0.33333334;0;0;0;0;0;0;0;0;23.333.333;0.33333334;12.666.667;3;0;0.66666669;0;0;0;0;0;0;2;0;0;0;6;0;0;11.333.333;0;0;0;0;1;10.333.333;0;0;0;26.666.667;0;0;0;23.333.333;0;0;1;0;0;23.333.333;0;0;0;0.66666669;0;0;3;0;0;33.333.333;10;63.333.335;3;0;0;0;0;0.33333334;0;0;0;0;0;0;0;0;0;0;0;0
Ch_45;0;23.333.333;3;0;0;0;12.666.667;41.666.668;0;0;0;0;0;43.333.335;0;0;0;6;0;0;0;0;0;0;0;0;0;0;0;0;0;0;0;0;0;0;0;0;0;33.333.333;49;0;0;10;0;0;11.333.333;0.66666669;0;0;0;0;0;0;0;0.33333334;0;0;0;0;0;0;0;0;0;0.66666669;0;0.66666669;0;0;0;0;11;0;0;0;0;0;13.333.334;0;0;0;0;0;0;0;16.666.666;0;0;0;0;0;0;0;0;0;0;0;0
Ch_46;0;0;0;0;0;0;0;26.666.667;0;0;0;0;0;9.666.667;0;0;0;26.666.667;0;0;0;0;0;0;0.66666669;0;0;0;0;3;0.33333334;0;6;0;13.333.334;0;0;0;0;0;0;26.666.667;0;0;0;0;0;0;10.666.667;0;0;5;0;9.333.333;1;0.66666669;0;0;0;0;0;0;36.666.667;0;0;0;0;23.333.333;0;0;0;0;15.333.333;0;0;10;0;0;33.333.333;23.333.334;0;0;0;0;0;0;0;0;0;0;0;0;0;0;0;0;0;0;0
Ch_44;0;3;0.33333334;0;0;17;0;12.666.667;0;0;0;0;0;53.333.335;0;0;7;13.333.334;0;0;0;0;0;0;0;0;0;0;0;0;0;0;0;0;0;0;0;0;0;25.666.666;0;0;0;0;0;0;0;0;0;0;0;0;0;0;0;0;0;0;3;0;0;0;1;0;0;0;0;0;0;0;0;0;73.333.336;0;0;0;0;0;6;0.66666669;0;0;0;0;0;0;13.333.334;0;0;0;0;0;0;16.666.666;0;0;0;0;0
Ch_43;0;28.666.666;0;0;0;27.333.334;0;11.333.333;0;0;0;0;0;0;0;0;53.333.335;16.666.666;0;0;0;0;0;0;0;0;0;1;0;0;0;0;0;0;0;0;0;0;0;0;0;0;0;0;0;0;0;0;0;0;0;0;0;0;0;23.333.333;0;0;14.333.333;0;0;0;0.33333334;0;0;1;0;0;0;0;0;0;68.666.664;0;0;0;0;0;32.666.668;0.33333334;0;0;0;0;0;26.666.667;11;0;0;0;0;0;0;13.333.334;0;0;0;0;8.333.333
Ch_21;0;0;0;16;0;0;0;4;0;0;0;0;0;14;0;0;0;0;0;0;0;0;13.333.334;0;1;0;0;0;0;0;0;0;0;0;0;0;0;0;0;10;0;0;0;0;0;0;0;0;0;0;0;0;0;2;0;0;0;0;0;0;23.333.333;0;0;0;0;0;0;0;0;0;0;0;42.333.332;0;0;0;0;0;5;13.333.334;0;0;0;0;0;0;0;0;0;8.333.333;0;0;0;0;0;0;0;0;0
Ch_11;0;0;0;0;0;0;2;26.666.667;0;0;0;0;0;20;0;0;0;13.333.334;0;0;0.33333334;0;0;0;0;0;0;0;0;0;0;0;0;10;43.333.335;0;0;0;0;7;0;0;0;0;0;0;18;0;0;0;0;0;0.33333334;0;5;0;0;0;9.333.333;0;0;0;0;0;0;0;1;0;0;0;0;0;0;0;0;0.33333334;0;0;26.666.667;33.333.333;1;23.333.333;0;0;0;0;28.333.334;0;0;0;0;0;0;0;0;0;0;0;0
Ch_10;0;0;0;66.666.665;0;0;0;0;0;0;0;0;0;8;0;0.33333334;0;1;0;0;0;0;0;0;0;0;0;0;0;0;0;0;4;0;3;0;0;33.333.333;0;6;0;13.333.334;0;0;0;0;0;0;0;4;0;0;4;23.333.333;0;0;0;0;56.666.665;0;0;0;0;0;0;0;0;0;0.66666669;0;0;0.66666669;3;0;0;0;0;0;1;45.666.668;1;0;0.33333334;0;0;3;0.33333334;0;0;0;0;0;0;0;0;0;0;0;0
Ch_4;0;0;0;26.666.667;0;0;0;46.666.665;0;0;0;0;0;53.333.335;0;0;0;0.33333334;0;0;0;0;0;0;0;0;0;0;0;0;0;0;0;16.666.666;0;0;0;0;0;0;0;0;0;0;0;0;0;0;0;0;0;0;0;0;12.666.667;0;0;0;0;0;0;0;0;0;0;0;0;0;0;0;0;0;24;0;0;0;13.333.334;0;14.666.667;0;0;0;0;0;0;0;46.666.665;0;0;0;0;0;0;12.666.667;0;0;0;0;0
Ch_3;0;0;0;11.666.667;0;0;0;0;0;0;0;0;0;26.666.667;0;0;0;13.333.334;0;0.33333334;0;0;0;0;0;0;0;0;0;0;0;0;0;0;0;0;0;0;0;0;5;0;0;0;0;0;9.666.667;0;0;0;0;0;0;0;0;0;0;0.33333334;0;0;0;0;0;0;0;0;0;0;0;0;0;0;60.333.332;0;0;0;0;0;10.333.333;0;0;0;0;0;0;0;0;0;0;0;16.666.666;0;0;12;0;0;0;0;0
Ch12;0;0;0;0;0;0;0;11.666.667;0;0;0;8;0;0;0.33333334;0;0;0;0;0;0;0;0;0;0;0;0;0;0;0;0;0;0;56.666.665;0;0;0;0;0;19.666.666;0;0;0;0;0;0;0;0;0;0;0;0;0;0;0;0;0;0;0;0;0;0;0;0;0;0;0;0;0;0;0;0;49;0;0;0;0;0;25.333.334;0;0;0;0;0;0;0;8.333.333;0;0;0;20.666.666;0;0;0;0;0;0;0;0
Ch_27A;0;0;0;0;0;33.333.333;13.333.334;15.666.667;0;0;0;0;0;13;0;0;0;0;0;0;0;0;0;0;0;0;0;0;0;0;0;39.666.668;0;0;0;0;0;0;0;10;0;0;0;0;0;0;36.666.667;0;0;0;0;0;0;0;0;0;0;0;26;8;0.66666669;0;0;0;0;8.333.333;0;0;2;0;0;33.333.333;17.666.666;0;0;16.666.666;0;17.666.666;0;0;0;0;6;0;0;13.333.334;11.333.333;0;0;0;0;0;0;0;0;0;0;0;0
Ch_27B;0;0;0;0;0;0;3;32.333.332;0;0;0;0;0;0;0;0;0;0;0;0;0;0;0;0;0;0;0;0;0;0;0;3;0;0;0;0;46.666.665;0;0;19.666.666;0;0;0;0;0;0;0.66666669;0;0;0;0;0;0;0;0;0;0;0;29;2;0;0;0;0;0;0;0;0;0;0;0;25.666.666;28.666.666;0;0;0;0;22.666.666;0;0;0;0;4;0;0;5;11.333.333;0;0;0;0;0;0;0;0;0;0;0;0
Ch_26A;0;0;0;0;0;13;0;76.666.665;0;0;0;0;0;4;0;0;0;26.666.667;0;0;0;0;0;0;0;0;0;33.333.333;0;0;0;0;0.66666669;9.666.667;0;0;0;19.333.334;0;0;0;0.66666669;0;0;0;0;0;0;16.666.666;0;0;0;0;0;63.333.335;1;0;0;21;0;0.66666669;0;0;0;0;2;16.666.666;0;0;0;0;2;20.333.334;0;0;0;2;0;73.333.335;0;0;0.33333334;0;0;0;31.666.666;0;13.333.334;0;0;0;0;0;0;0;0;0;0;2
Ch_26B;0;0;0;0;51.666.668;73.333.335;0;0;0;0;0;0;23.333.333;0;0;0;0;0;0;0.66666669;0;0;0;0;0;0;0;0;0;0;0;0;0;0;0;0;0;0;0;0;0;0;0;0;0;0;0;0;0;0;0;0;0;0;0.33333334;0;0;0;5;0;0;0;0;0;0;0.33333334;0;0;0;0;0;0;32.333.332;0;0;0;0;0;63.333.335;0;0;0;0;0;0;0.33333334;0;0;0;0;0;0;0;0;0;0;0;0;0
Ch_30A;0;46.333.332;14;0;0;0;0;26.666.667;0;0;0;0;0.66666669;0;0;0;0;0;0;0;0;0;0;0;0;0;0;0;0;0;0;0;0;0;0;0;0.66666669;0;0;36.666.667;0;0;0;0;13.333.334;0;0;0;0;0;0;0;0;0;0;0.33333334;0;0;46.666.668;0;0;0;0;0;0;0.33333334;0;0;0;0;0;0;72;0;0;0;0;0;59;0;0;0;0;0;0;0;2;0;0;0;0;0;0;0;0;0;0;0;0
Ch_30B;0;74;26.666.667;0;0;0;0;10;0;0;0;0;1;0.33333334;0;0;0;0;0;1;0;0;0;0;0;0;0;0;0;0;0;0;0;0;0;0;0;0;0;0.33333334;0;0;0;0;0;0;0;0;0;0;0;0;0;0;0;0;0;0;76.666.665;0;0;0;0;0;0;0;0;0;0;0;0;0;85.333.336;0;0;0;0;0;73.333.335;0;0;0;0;0;0;0;13.333.334;0;0;0;0;0;0;0;0;0;0;0;0
Ch_30C;0;76.666.665;7;0;0;0;0;20.666.666;0;0;0;0;0;0;0;0;0;0;0;0;0;0;0;0;0;0;0;0;0;0;0;0;0;0;0;0;0.33333334;0;0;3;0;0;0;0;1;0;0;0;0;0;0;0;0;0;0;2;0;0;45.333.332;0;0;0;0;0;0;0.33333334;0;0;0;0;0;0;94;0;0;0;0;0;44;0;0;0;13.333.334;0;0;0;13;0;0;0;0;0;0;0;0;0;0;0;0
Ch_42;0;9;0;0;0;3;0;41.333.332;0;0;0;0;0;12.666.667;0;0;0;0;0;0;0;0;0;0;0;0;0;0;0;0;0;13.333.334;0;1;0;0;0;46.666.665;0;0;0;0;0;0;0;0;0;0;0;0;0;0;0.66666669;0;53.333.335;0;0;0;0;0;0;0;0;0;0;0.66666669;0;0;0;0;0;35.666.668;81;0.66666669;0;13.333.334;0;0;9.666.667;0;0;0;3;0;0;0;36.666.667;0;0;0;0;0;0;0;0;0;0;0;0
Ch_41;0;26.666.667;0;0;0;2;43.333.335;26.333.334;0;0;0;0;0;16.666.666;0;0;0.33333334;0;0;0;0;0;0;0;0;0;0;0;0;0;0;0;0;0;0;0;32.666.668;0;0;3;0;0;0;0;0;0;0;0;0;0;0;0;0;0;0;0;0;0;3;0;0;0;0;0;0;0;0;0;0.33333334;0;0;43.666.668;63.333.332;0;0;0;0;0;13;0;0;0;0;0;0;23.333.333;26.666.667;0;0;0;0;0;0;0;0;0;0;0;0
Ch_40;0;8.333.333;33.333.333;0;0;0;26.666.667;0.33333334;0;0;0;0;0;0;26.666.667;0;0;0.33333334;0;0;0;0;0;0;0;0;0;0;0;0;0;0;0;0;0;0;21;0;0;6;0;0;0;0;0;0;0;0;0;0;0;0;0;0;0;0;0;0;24.666.666;0;0;0;0;0;0;0;0;0;0;0;0;23.333.334;93.666.664;0;0;0;0;0;18.333.334;0;0;0;0;0;0;0;66.666.665;0;0;0;0;0;0;0;0;0;0;0;0
Ch_20A;0;12.333.333;0;23.666.666;0;0;0;14.333.333;0;0;0;26.666.667;0;0;73.333.335;0;0;0;0;0;0;0;0;0;0;0;0;0;0;0;0;0;26.666.667;0;0.33333334;0;6;0;0;26.666.667;0;0;0;0;0;0;0;0;0;0;0;0;0;0;20.666.666;0;0;0;0;0;0;0;0;0;0;0;0;0;8.333.333;0;0;0;43.333.335;0;0;0;46.666.665;0;8.333.333;0;0;0;0;0;0;0;18.333.334;0;0;0;0;0;0;0;0;0;0;0;0
Ch_20B;0;0;3;0;0;13.333.333;0;15.666.667;0;0;0;0;18;0;0;0;0;0;0;0;0;0;0;0;0;0;0;0;0;0;0;0;0;0;0.33333334;0;0;0;0;43.333.335;0;0;0;0;0;0;0;0;0;0;0;0;0;0;0;0;0;0;0;0;0;0;0;0;0;0;0;0;0;0;0;0;66.333.336;0;0;0;23.333.333;0;10.333.333;0;0;0;0.66666669;0;0;33.333.333;0;0;0;0;4;0;0;0;0;0;0;0;0
Ch_20C;0;0;0;0;0;0;3;26.666.667;66.666.665;0;0;0;0;66.666.665;0;0;0;53.333.335;0;0;0;0;0;2;0;0;0;0;0;0;0;0;1;0;63.333.335;53.333.335;0;0;0;16.666.666;0;0;0;0;4;0;0;0;8;3;0;0;0;16.666.666;2;0;0;0;3;0;56.666.665;0;0;0;26.666.667;63.333.335;0;0;9.333.333;1;3;63.333.335;16.666.666;0;4;0.33333334;0;0;43.333.335;0;0;0.33333334;0.33333334;0.66666669;0.33333334;31.333.334;25;0;0;0;0;0;0;0;0;0;0;0;0
Ch_29A;0;20;73.333.335;0;0;0;0;0;0;64;0;0;0;2;0;0;0;2;0;0;0;0;0;0;0;0;0;0;0;0;0;0;0.66666669;0;13.333.334;0.33333334;28;0;0;7;0;0;0;0;0;0;10.333.333;0;0;0;0;0;0;0;0;0;0;0;22.333.334;0;0;0;0;0;0;0.33333334;0;0;0;0;0;19.333.334;63.333.332;0;0;0;46.666.665;0;28;0;0;0;0;0;0;0;15;0;0;0;0;0;0;0;0;0;13.333.334;0;0
Ch_29B;0;73.333.335;56.666.665;0;0;0;0;50.333.332;0;0;0;0;0;13.333.333;0;0;0;9.333.333;0;0;0;0;0;0;0;0;0;0;0;0;0;0;0;0;0;0;8.333.333;0;0;36.666.667;0;0;0;0;0;0;23.333.333;0;0;0;0;0;0;0;0;0;0;0;13;0;0;0;0;0;0;0;0;0;13.333.334;0;0;15.666.667;65;0;0.33333334;0;3;0;66.666.665;0;0;0;0;0;0;0;20.333.334;0;0;0;0;0;0;0;0;0.66666669;0;0;0
Ch_28A;0;0;19.666.666;0;0;0;12.333.333;0;0;0;79;0;0;16.666.666;0;0;0;0.66666669;0;0;0;0;0;0;0;0;0;0;0;0;0;0;0;0;33.333.333;0;67.333.336;0;0;0;0;0;0;0;0;0;0;0;0;0;0;0;0;0;0;0;0;0;0;0;0;0;0;0;0;0;0;0;0;0;0;33.666.668;64.333.336;0;0;0;0;0;5;0;0;0;0;13.333.334;0;0;0;0;0;0;0;0;0;0;0;0;0;0;0
Ch_28B;0;11.333.333;44.666.668;0;0;0;0;0;0;0;44.666.668;0;13.333.334;0.66666669;0;0;0;13.333.334;0;16.666.666;0;0;0;0;0;0;0;0;0;0;0;0;0;0;0;0;53.666.668;0;0;0;0;0;0;0;0;0;0;0;0;0;0;0;0;0;0;0;0;0;56.666.665;0;0;0;0;0;0;0;0;0;0;0;0;29.333.334;85.333.336;0;0;0;0;0;66.666.665;0;0;0;0;0;0;33.333.333;0;0;0;0;0;0;0;0;0;0;0;0;0
