site;foliose;fructicose;crustose;escuamulose;dimorphic;ambas;apothecia;soredia;isidia;herb;cilia;uv;micro;elev;orns;slope;elev_c;pend_c
Ch_17;0.480402971;0.259798515;0.240238253;0.017133613;0.002426649;0;0.250018384;0.710714023;0.058827855;0.017133613;0.607838812;0.399588205;0.909331568;922;0;85;1;2
Ch_18;0.701179914;0.082319583;0.192079027;0;0.024421476;0.003018385;0.304856855;0.643373274;0.103631208;0;0.551815604;0.271380225;0.942101893;934;0.70710678;85;1;2
Ch_19A;0.235689655;0.428103448;0.313189655;0.023017241;0;0;0.373534483;0.586206897;0.071896552;0.051724138;0.568965517;0.462586207;0.830517241;938;-0.70710678;90;1;2
Ch_19B;0.39;0.0667;0.5433;0;0;0;0.8533;0.0734;0.0733;0;0.3767;0.2833;0.72;938;-0.27563736;5;1;1
Ch_7A;0.233223789;0.063606488;0.703169723;0;0;0;0.766776211;0.063606488;0.219124351;0;0.063606488;0.466447578;0.51235026;1366;0.8480481;0;1;1
Ch_7B;0.404012315;0.264872381;0.331115304;0;0;0;0.534809812;0.430529348;0.162180951;0;0.499950343;0.503227729;0.692025027;1366;-0.70710678;0;1;1
Ch_6A;0.156024964;0.264042247;0.560009602;0.019923188;0.003960634;0;0.375900144;0.528084494;0.25600096;0.051968315;0.228036486;0.648103697;0.539966395;1367;-0.70710678;45;1;1
Ch_6B;0.437972329;0.019416347;0.542611324;0;0;0;0.488315312;0.251947448;0.484478549;0;0.019416347;0.279153587;0.759679107;1367;0;90;1;2
Ch_16;0.301797339;0.047197849;0.643928673;0.016487404;0;0;0.47410133;0.370223606;0.221695443;0.021228418;0.080172658;0.257146901;0.71695443;1369;0;85;1;2
Ch_5A;0.096391349;0.138562564;0.765046087;0;0;0;0.767034159;0.150611483;0.138562564;0;0.138562564;0.600457859;0.522079643;1376;-0.15643447;0;1;1
Ch_5B;0.108073671;0.258658635;0.613923318;0.019344376;0;0;0.718174447;0.814664659;0;0.019344376;0.258658635;0.737518823;0.501795436;1376;-0.70710678;45;1;1
Ch_5C;0.246168224;0.018691589;0.735140187;0;0;0.062336449;0.420560748;0.180654206;0.523457944;0;0.018691589;0.548224299;0.355140187;1376;0.70710678;45;1;1
Ch_24;0.211034592;0;0.788965408;0;0;0;0.820628513;0;0.184675057;0;0;0.253304837;0.258529249;1473;0.97029573;35;1;1
Ch_14A;0.338352225;0.024417752;0.637230023;0;0;0;0.646647493;0.202954943;0.13534089;0;0.024417752;0.195454802;0.778210117;1548;0;85;1;2
Ch_14B;0.143544104;0.078949257;0.777506639;0;0;0;0.885164717;0.143544104;0;0.002368478;0.107658078;0.220053111;0.901959377;1548;-1;89;1;2
Ch_14C;0.055460597;0.013494063;0.93104534;0;0;0;0.973011875;0.026988125;0.037468514;0.11843289;0.013494063;0.39879453;0.614699532;1548;-0.93358043;20;1;1
Ch_15A;0.186830394;0.126339212;0.686830394;0;0;0;0.758282512;0.362617439;0.085132685;0.129141256;0.126339212;0.694989286;0.522004285;1552;0.70710678;85;1;2
Ch_15B;0.125295837;0.034804399;0.839899763;0;0;0;0.890992621;0.097382709;0.01392176;0.00696088;0.034804399;0.106710288;0.886328832;1552;0;35;1;1
Ch_13A;0.121315789;0.065789474;0.812894737;0;0;0;0.849429825;0.074561404;0.182719298;0.06872807;0.065789474;0.600877193;0.464912281;1554;-0.99862953;0;1;1
Ch_13B;0.158375256;0;0.841624744;0;0;0;0.89444755;0.003074343;0.102478107;0.195640022;0;0.316750512;0.788801938;1554;0.70710678;80;1;2
Ch_22A;0.235200142;0.281041981;0.483757877;0;0;0;0.437916038;0.54735067;0.198189403;0.001464454;0.362430106;0.587245939;0.584317032;1584;-0.93969262;40;1;1
Ch_22B;0.170491549;0.105985424;0.723523027;0;0;0;0.553031478;0.227399597;0.297100326;0.002558536;0.105985424;0.58140797;0.521941386;1584;0.76604444;90;1;2
Ch_23;0.315180173;0.088754824;0.587042774;0.007228654;0.001793576;0.001793576;0.634110549;0.255394315;0.186586228;0.010870156;0.110495136;0.416653079;0.550682102;1620;-0.93969262;85;1;2
Ch_25;0.18402835;0.115378276;0.700593374;0;0;0;0.857095764;0.123619581;0.022004285;0.010960936;0.241799901;0.222597659;0.708752266;1640;-0.76604444;90;1;2
Ch_2;0.432025049;0.01456346;0.553411491;0;0;0;0.95871259;0.016966431;0.02672395;0;0.01456346;0.327677856;0.514527052;1899;0;55;1;1
Ch_47;0.389088412;0.142600613;0.466568079;0;0.001742896;0.001742896;0.463029471;0.308122953;0.241153481;0;0.142600613;0.357399387;0.869705292;1920;0.81915204;85;2;2
Ch_31;0.250738306;0.123749643;0.536629513;0.057159188;0.03172335;0.028579594;0.568352863;0.380870725;0.117366867;0.079356006;0.234828999;0.272935124;0.682671239;1944;-0.98480775;90;2;2
Ch_45;0.014036145;0.104457831;0.881506024;0;0;0;0.869457831;0.106445783;0.126506024;0;0.100421687;0.140542169;0.60246988;1995;-0.34202014;50;2;1
Ch_46;0.247412982;0.268213651;0.466917529;0;0.017455838;0.010452597;0.477265601;0.578446744;0.104525975;0;0.348385074;0.442458451;0.721124699;1998;0.08715574;85;2;2
Ch_44;0.07324421;0.012552564;0.914203226;0;0;0;0.937237181;0.018828846;0.052281428;0;0.012552564;0.138078202;0.89336597;2072;-0.5;30;2;1
Ch_43;0.280872114;0.064126053;0.655001832;0;0;0;0.880954562;0.080890436;0.11144192;0;0.064126053;0.329745328;0.825943569;2086;0.42261826;20;2;1
Ch_21;0.158743031;0.013482007;0.817638115;0;0.010136847;0;0.750025342;0.118195641;0.141915864;0;0.013482007;0.260111505;0.665484034;2120;0;40;2;1
Ch_11;0.144404723;0.379048857;0.469396598;0;0.007149821;0.003574911;0.599285018;0.382623768;0.328566786;0.010833063;0.382623768;0.512620518;0.888094464;2170;0;90;2;2
Ch_10;0.177252445;0.484192538;0.338555018;0;0;0;0.395613785;0.550555397;0.151808602;0.006360961;0.553783348;0.64559005;0.791132631;2221;-0.70710678;90;2;2
Ch_4;0.274277689;0.060192616;0.665529695;0;0;0;0.772572231;0.04684992;0.227427769;0.167235152;0.060192616;0.408005618;0.608747994;2239;0;0;2;1
Ch_3;0.29925473;0;0.70074527;0;0;0;0.719663673;0;0.280336327;0;0.006306134;0.318555322;0.598700554;2259;0;45;2;1
Ch12;0.214280248;0.063748374;0.721971378;0;0;0;0.936251626;0.063748374;0.124971302;0.04339175;0.063748374;0.19132165;0.892859876;2264;0;45;2;1
Ch_27A;0.333957175;0.113722684;0.543127649;0;0.009192492;0.009192492;0.682611328;0.148566081;0.218307921;0.011008972;0.102713712;0.346727583;0.899102769;2332;-0.64278761;90;2;2
Ch_27B;0.279997913;0.106062187;0.6139399;0;0;0;0.77566778;0.106062187;0.116496244;0;0.106062187;0.391277129;0.866078881;2332;-0.34202014;50;2;1
Ch_26A;0.361930463;0.213380193;0.424689344;0;0;0;0.610894942;0.332684825;0.265658341;0.060687837;0.317999247;0.464415715;0.813794402;2353;0;90;2;2
Ch_26B;0.115611814;0.003094233;0.881293952;0;0;0;0.993811533;0.006188467;0.003094233;0;0.003094233;0.562587904;0.484294421;2353;0.7313537;90;2;2
Ch_30A;0.431209196;0.008010574;0.56078023;0;0;0;0.990667681;0.010654063;0.008010574;0;0.008010574;0.383185805;0.75435575;2448;-0.32556815;40;3;1
Ch_30B;0.087916919;0.007308094;0.904774988;0;0;0;0.99087862;0.007308094;0.00912138;0;0.007308094;0.468871916;0.565910215;2448;0.0348995;1;3;1
Ch_30C;0.41802761;0.064648561;0.517323829;0;0;0;0.933862673;0.075160155;0.064648561;0;0.064648561;0.303753496;0.924794731;2448;0.94551858;90;3;2
Ch_42;0.051285634;0.031069499;0.911449599;0;0.006195267;0.006195267;0.906791504;0.034190423;0.090087572;0.004658096;0.034190423;0.302822806;0.700298118;2492;-0.5;85;3;2
Ch_41;0.079471514;0.026473948;0.894054537;0;0;0;0.966870312;0.024834848;0.033129688;0.0016391;0.024834848;0.28147817;0.758257587;2538;-0.93969262;28;3;1
Ch_40;0.203473241;0.031562012;0.764964747;0;0;0;0.968437988;0.031562012;0.031562012;0;0.031562012;0.310746226;0.820233758;2551;0.08715574;30;3;1
Ch_20A;0.092701837;0.264031687;0.643266476;0;0;0;0.845525029;0.176976235;0.176976235;0.070200573;0.193831114;0.452216417;0.480279791;2595;0;85;3;2
Ch_20B;0.040180927;0.047719563;0.91209951;0;0;0;0.969845458;0.030154542;0.030154542;0;0.047719563;0.213569544;0.824123634;2595;-0.35836795;40;3;1
Ch_20C;0.230316989;0.408024729;0.359658161;0;0.002000121;0.002000121;0.507121644;0.450451543;0.404024486;0.056548882;0.418146554;0.565610037;0.729316928;2595;0;85;3;2
Ch_29A;0.194813362;0.072768303;0.732418335;0;0;0;0.935888424;0.059191299;0.067811032;0;0.072768303;0.247826569;0.855758204;2653;-0.34202014;85;3;2
Ch_29B;0.124540779;0.040778839;0.834680382;0;0;0;0.900012246;0.018368846;0.095885378;0.008143522;0.032635317;0.34692628;0.65307372;2653;-0.7193398;10;3;1
Ch_28A;0.017341241;0.00461277;0.978045989;0;0;0;0.994208026;0;0.005791974;0;0.00461277;0.127180661;0.532896334;2679;-0.7313537;37;3;1
Ch_28B;0.393714122;0.007323993;0.598961884;0;0;0;0.991202411;0.007323993;0.008797589;0;0.007323993;0.480194427;0.34018079;2679;-0.60181502;10;3;1
